id пользователя;Вильямс;Шварц;Медник;Триандис;Друзья;Подписки;Подписки образование;Подписки опасные;% Подписки образование;% Подписки опасные;9_иностранные языки;8_философия;12_психология/педагогика;10_история/обществознание;7_филология/литература;5_техника и технологии;11_искусство/культура;4_математика;2_науки о земле;4_информатика;6_физика;3_химия;1_биология/медицина;3_16_юриспруденция;Преступный контент;Самоповреждающее поведение;Эстетика зла;Ненависть и агрессия и агрессия;Оружие ;Психоактивные вещества;Национализм;Депрессивный контент;Субкультура True Crime;Вульгарный контент;Суицидальный контент;Жестокий контент;Эстетика смерти;Оружие
5;3;1;;1;32;5;0;0;0,0%;0,0%;0;0;0;0;0;0;0;0;0;0;0;0;0;0;0;0;0;0;0;0;0;0;0;0;0;0;0;0
6;2;1;;2;1461;158;12;0;7,6%;0,0%;1;1;3;2;0;1;3;0;0;0;0;0;1;0;0;0;0;0;0;0;0;0;0;0;0;0;0;0
2581;3;2;;3;53;56;2;1;3,6%;1,8%;0;0;1;0;0;0;1;0;0;0;0;0;0;0;0;0;0;0;0;0;0;0;0;1;0;0;0;0
5974;3;2;1;2;155;22;0;0;0,0%;0,0%;0;0;0;0;0;0;0;0;0;0;0;0;0;0;0;0;0;0;0;0;0;0;0;0;0;0;0;0
5983;1;3;2;2;;;;;;;;;;;;;;;;;;;;;;;;;;;;;;;;;;
5982;2;3;1;2;;;;;;;;;;;;;;;;;;;;;;;;;;;;;;;;;;
5976;2;1;2;2;520;162;5;2;3,1%;1,2%;1;0;2;2;0;0;0;0;0;0;0;0;0;0;0;0;1;1;0;0;0;0;0;0;0;0;0;0
5977;2;2;2;1;;;;;;;;;;;;;;;;;;;;;;;;;;;;;;;;;;
5979;2;2;2;1;267;191;3;11;1,6%;5,8%;1;0;1;1;0;0;0;0;0;0;0;0;0;0;0;0;0;0;0;0;1;8;0;2;0;0;0;0
5981;2;2;3;1;;;;;;;;;;;;;;;;;;;;;;;;;;;;;;;;;;
5975;2;2;2;3;392;101;1;2;1,0%;2,0%;0;0;0;0;0;1;0;0;0;0;0;0;0;0;0;0;0;0;0;1;0;0;0;0;1;0;0;0
5978;3;3;3;2;115;11;0;0;0,0%;0,0%;0;0;0;0;0;0;0;0;0;0;0;0;0;0;0;0;0;0;0;0;0;0;0;0;0;0;0;0
5985;2;3;2;1;0;0;0;0;0,0%;0,0%;0;0;0;0;0;0;0;0;0;0;0;0;0;0;0;0;0;0;0;0;0;0;0;0;0;0;0;0
5986;2;1;2;2;;;;;;;;;;;;;;;;;;;;;;;;;;;;;;;;;;
5980;2;2;2;2;59;49;0;3;0,0%;6,1%;0;0;0;0;0;0;0;0;0;0;0;0;0;0;0;0;0;0;0;0;0;3;0;0;0;0;0;0
5987;2;3;2;3;0;1;0;0;0,0%;0,0%;0;0;0;0;0;0;0;0;0;0;0;0;0;0;0;0;0;0;0;0;0;0;0;0;0;0;0;0
5988;2;2;3;3;447;296;6;9;2,0%;3,0%;1;0;0;1;3;1;0;0;0;0;0;0;0;0;0;0;0;1;0;1;0;5;0;2;0;0;0;0
5989;2;;;;;;;;;;;;;;;;;;;;;;;;;;;;;;;;;;;;;
5984;2;3;1;2;423;144;6;6;4,2%;4,2%;1;0;1;1;0;0;1;0;0;0;0;0;2;0;0;0;0;0;0;0;2;1;2;0;0;1;0;0
5992;2;1;2;1;99;129;4;19;3,1%;14,7%;1;0;0;0;1;0;2;0;0;0;0;0;0;0;0;2;0;2;0;0;0;7;1;4;1;1;1;0
5997;3;3;2;2;204;143;4;2;2,8%;1,4%;0;0;0;1;1;0;0;1;0;0;0;0;1;0;0;0;0;0;0;0;0;1;1;0;0;0;0;0
5991;2;2;3;1;96;234;3;24;1,3%;10,3%;0;0;0;0;0;1;0;0;0;0;0;2;0;0;0;1;0;1;0;0;0;13;3;1;2;1;2;0
5995;2;3;2;3;267;371;7;6;1,9%;1,6%;2;0;1;0;2;0;0;0;0;0;0;0;2;0;0;0;0;1;0;0;0;4;1;0;0;0;0;0
4536;2;1;2;2;120;22;0;0;0,0%;0,0%;0;0;0;0;0;0;0;0;0;0;0;0;0;0;0;0;0;0;0;0;0;0;0;0;0;0;0;0
5504;2;2;2;1;33;43;1;0;2,3%;0,0%;1;0;0;0;0;0;0;0;0;0;0;0;0;0;0;0;0;0;0;0;0;0;0;0;0;0;0;0
4518;2;2;1;1;281;319;12;5;3,8%;1,6%;0;0;5;0;4;3;0;0;0;0;0;0;0;0;0;0;0;0;0;0;0;3;1;0;1;0;0;0
5990;2;3;2;1;106;155;4;16;2,6%;10,3%;1;0;0;0;0;2;1;0;0;0;0;0;0;0;0;0;0;1;1;0;2;1;0;11;0;0;0;0
5996;2;2;2;2;173;5;0;0;0,0%;0,0%;0;0;0;0;0;0;0;0;0;0;0;0;0;0;0;0;0;0;0;0;0;0;0;0;0;0;0;0
5994;2;1;1;2;78;35;0;3;0,0%;8,6%;0;0;0;0;0;0;0;0;0;0;0;0;0;0;0;0;1;1;0;0;0;0;0;1;0;0;0;0
5993;3;2;2;2;149;1002;12;30;1,2%;3,0%;0;1;2;2;0;3;0;1;0;1;0;1;1;0;0;9;2;2;0;1;1;4;1;8;0;1;1;0
4534;3;2;3;2;276;42;0;4;0,0%;9,5%;0;0;0;0;0;0;0;0;0;0;0;0;0;0;0;0;0;0;0;0;0;2;0;1;0;1;0;0
4504;2;3;3;1;111;37;1;0;2,7%;0,0%;0;0;1;0;0;0;0;0;0;0;0;0;0;0;0;0;0;0;0;0;0;0;0;0;0;0;0;0
5999;2;3;1;2;168;27;0;0;0,0%;0,0%;0;0;0;0;0;0;0;0;0;0;0;0;0;0;0;0;0;0;0;0;0;0;0;0;0;0;0;0
5998;2;3;1;2;266;131;6;1;4,6%;0,8%;0;0;2;0;2;0;2;0;0;0;0;0;0;0;0;0;0;0;0;0;0;0;0;0;0;1;0;0
6003;2;2;3;2;;;;;;;;;;;;;;;;;;;;;;;;;;;;;;;;;;
6002;2;3;2;2;38;120;3;4;2,5%;3,3%;2;0;0;0;1;0;0;0;0;0;0;0;0;0;0;1;0;0;0;0;0;2;0;1;0;0;0;0
6001;2;3;3;2;42;20;1;1;5,0%;5,0%;0;1;0;0;0;0;0;0;0;0;0;0;0;0;0;0;0;0;0;0;0;1;0;0;0;0;0;0
6000;2;2;2;3;99;12;0;0;0,0%;0,0%;0;0;0;0;0;0;0;0;0;0;0;0;0;0;0;0;0;0;0;0;0;0;0;0;0;0;0;0
6005;3;2;3;3;236;162;2;1;1,2%;0,6%;0;0;1;0;1;0;0;0;0;0;0;0;0;0;0;0;0;0;0;0;0;0;0;0;0;1;0;0
6004;2;2;2;3;200;49;0;4;0,0%;8,2%;0;0;0;0;0;0;0;0;0;0;0;0;0;0;0;0;0;0;0;0;0;4;0;0;0;0;0;0
6006;2;2;1;1;292;65;6;0;9,2%;0,0%;2;0;0;0;3;0;1;0;0;0;0;0;0;0;0;0;0;0;0;0;0;0;0;0;0;0;0;0
6007;2;2;1;1;;;;;;;;;;;;;;;;;;;;;;;;;;;;;;;;;;
6008;2;2;3;3;373;69;0;4;0,0%;5,8%;0;0;0;0;0;0;0;0;0;0;0;0;0;0;0;1;2;0;0;0;0;0;0;1;0;0;0;0
6009;2;1;1;2;346;45;1;0;2,2%;0,0%;0;0;1;0;0;0;0;0;0;0;0;0;0;0;0;0;0;0;0;0;0;0;0;0;0;0;0;0
6011;2;2;2;2;147;246;4;4;1,6%;1,6%;1;0;0;1;1;1;0;0;0;0;0;0;0;0;0;0;0;0;0;0;0;2;0;2;0;0;0;0
6013;2;1;2;1;546;123;5;8;4,1%;6,5%;1;1;1;0;1;1;0;0;0;0;0;0;0;0;0;2;1;0;0;0;0;3;0;2;0;0;0;0
6016;2;3;3;3;260;129;5;17;3,9%;13,2%;0;0;1;0;0;1;3;0;0;0;0;0;0;0;0;1;1;0;0;2;0;5;0;5;0;2;1;0
6012;2;2;2;2;;;;;;;;;;;;;;;;;;;;;;;;;;;;;;;;;;
6015;2;2;2;3;176;46;2;1;4,3%;2,2%;0;0;0;0;2;0;0;0;0;0;0;0;0;0;0;0;1;0;0;0;0;0;0;0;0;0;0;0
6017;2;3;2;2;90;70;0;0;0,0%;0,0%;0;0;0;0;0;0;0;0;0;0;0;0;0;0;0;0;0;0;0;0;0;0;0;0;0;0;0;0
4479;3;2;2;1;;;;;;;;;;;;;;;;;;;;;;;;;;;;;;;;;;
6014;3;2;2;2;108;51;2;0;3,9%;0,0%;1;0;0;0;1;0;0;0;0;0;0;0;0;0;0;0;0;0;0;0;0;0;0;0;0;0;0;0
0;2;2;2;2;;;;;;;;;;;;;;;;;;;;;;;;;;;;;;;;;;
4481;3;1;3;2;245;231;12;7;5,2%;3,0%;1;0;2;3;5;0;1;0;0;0;0;0;0;0;0;0;0;0;0;0;6;1;0;0;0;0;0;0
6020;2;1;2;2;233;38;1;0;2,6%;0,0%;0;0;1;0;0;0;0;0;0;0;0;0;0;0;0;0;0;0;0;0;0;0;0;0;0;0;0;0
6019;2;1;;1;340;62;0;5;0,0%;8,1%;0;0;0;0;0;0;0;0;0;0;0;0;0;0;0;1;1;1;0;1;0;0;0;1;0;0;0;0
6021;3;2;3;2;94;46;1;1;2,2%;2,2%;0;0;0;0;1;0;0;0;0;0;0;0;0;0;0;0;0;0;0;0;0;0;0;0;1;0;0;0
6018;3;2;3;3;196;122;3;4;2,5%;3,3%;1;0;0;0;2;0;0;0;0;0;0;0;0;0;0;0;0;0;0;1;0;0;1;0;0;2;0;0
6010;2;1;3;2;150;62;0;3;0,0%;4,8%;0;0;0;0;0;0;0;0;0;0;0;0;0;0;0;0;0;0;0;1;0;1;0;1;0;0;0;0
6022;3;1;2;2;1620;60;0;1;0,0%;1,7%;0;0;0;0;0;0;0;0;0;0;0;0;0;0;0;0;0;1;0;0;0;0;0;0;0;0;0;0
6023;2;2;2;2;246;86;4;2;4,7%;2,3%;1;0;0;2;1;0;0;0;0;0;0;0;0;0;0;0;0;0;0;1;0;1;0;0;0;0;0;0
6024;2;1;1;1;1062;292;8;3;2,7%;1,0%;4;0;1;0;1;1;1;0;0;0;0;0;0;0;0;0;2;0;0;0;0;0;1;0;0;0;0;0
6025;2;2;1;1;49;27;1;0;3,7%;0,0%;0;0;0;0;0;0;1;0;0;0;0;0;0;0;0;0;0;0;0;0;0;0;0;0;0;0;0;0
6026;2;2;1;2;205;65;4;5;6,2%;7,7%;2;0;1;0;0;0;1;0;0;0;0;0;0;0;0;0;0;0;0;0;0;4;0;0;1;0;0;0
4494;2;1;3;1;138;104;3;1;2,9%;1,0%;0;0;0;0;1;2;0;0;0;0;0;0;0;0;0;0;0;0;0;0;0;0;0;1;0;0;0;0
6029;3;1;3;2;422;268;10;7;3,7%;2,6%;1;0;1;1;6;1;0;0;0;0;0;0;0;0;0;0;0;0;0;0;0;2;0;5;0;0;0;0
4530;3;3;2;3;;;;;;;;;;;;;;;;;;;;;;;;;;;;;;;;;;
6028;2;2;3;2;49;67;0;6;0,0%;9,0%;0;0;0;0;0;0;0;0;0;0;0;0;0;0;0;0;0;0;0;0;1;4;0;1;0;0;0;0
2316;2;1;3;2;74;71;0;4;0,0%;5,6%;0;0;0;0;0;0;0;0;0;0;0;0;0;0;0;0;0;0;0;0;0;1;0;3;0;0;0;0
6030;2;1;3;1;80;52;3;1;5,8%;1,9%;0;0;0;0;1;2;0;0;0;0;0;0;0;0;0;0;0;0;0;0;0;0;0;1;0;0;0;0
4483;2;1;2;1;265;77;5;0;6,5%;0,0%;1;1;1;0;1;0;0;0;1;0;0;0;0;0;0;0;0;0;0;0;0;0;0;0;0;0;0;0
6032;1;1;3;2;;;;;;;;;;;;;;;;;;;;;;;;;;;;;;;;;;
6031;2;1;3;2;103;110;0;4;0,0%;3,6%;0;0;0;0;0;0;0;0;0;0;0;0;0;0;0;0;0;2;0;0;1;0;0;1;0;0;0;0
6033;2;2;2;1;47;17;1;0;5,9%;0,0%;0;1;0;0;0;0;0;0;0;0;0;0;0;0;0;0;0;0;0;0;0;0;0;0;0;0;0;0
6027;2;2;2;2;180;36;2;0;5,6%;0,0%;0;0;1;0;1;0;0;0;0;0;0;0;0;0;0;0;0;0;0;0;0;0;0;0;0;0;0;0
6045;2;1;1;2;253;650;13;24;2,0%;3,7%;2;0;0;1;0;4;3;0;0;0;1;2;0;0;0;0;3;3;0;2;0;0;0;8;1;5;1;1
6035;2;2;2;2;292;89;2;0;2,2%;0,0%;0;0;0;0;2;0;0;0;0;0;0;0;0;0;0;0;0;0;0;0;0;0;0;0;0;0;0;0
6041;3;1;3;3;99;110;2;14;1,8%;12,7%;0;0;0;0;1;0;1;0;0;0;0;0;0;0;0;3;0;2;0;1;0;1;1;3;0;2;1;0
6039;2;2;2;2;107;100;1;2;1,0%;2,0%;0;0;0;0;1;0;0;0;0;0;0;0;0;0;0;0;0;0;0;0;0;2;0;0;0;0;0;0
6042;2;2;3;3;;;;;;;;;;;;;;;;;;;;;;;;;;;;;;;;;;
6046;3;3;2;2;90;71;0;3;0,0%;4,2%;0;0;0;0;0;0;0;0;0;0;0;0;0;0;0;0;0;0;0;0;0;1;0;2;0;0;0;0
6043;2;1;1;2;306;27;1;0;3,7%;0,0%;0;0;0;0;0;0;0;0;1;0;0;0;0;0;0;0;0;0;0;0;0;0;0;0;0;0;0;0
6038;2;1;1;3;445;77;0;2;0,0%;2,6%;0;0;0;0;0;0;0;0;0;0;0;0;0;0;0;0;0;1;0;1;0;0;0;0;0;0;0;0
6036;2;1;1;1;153;209;10;5;4,8%;2,4%;1;0;3;1;2;1;1;1;0;0;0;0;0;0;0;0;0;1;1;1;0;1;1;0;0;0;0;0
6044;2;2;1;1;271;66;1;2;1,5%;3,0%;0;0;0;0;1;0;0;0;0;0;0;0;0;0;0;0;0;0;0;0;0;0;1;1;0;0;0;0
6037;2;2;2;2;129;106;0;2;0,0%;1,9%;0;0;0;0;0;0;0;0;0;0;0;0;0;0;0;0;0;0;0;0;0;0;0;2;0;0;0;0
6040;2;2;1;2;74;165;7;2;4,2%;1,2%;1;0;2;1;0;2;0;1;0;0;0;0;0;0;0;0;0;0;0;0;1;0;0;1;0;0;0;0
6050;2;2;3;2;181;83;0;3;0,0%;3,6%;0;0;0;0;0;0;0;0;0;0;0;0;0;0;0;0;0;0;0;0;0;2;0;1;0;0;0;0
6048;2;2;3;2;;;;;;;;;;;;;;;;;;;;;;;;;;;;;;;;;;
6051;2;3;1;1;146;93;1;1;1,1%;1,1%;0;0;1;0;0;0;0;0;0;0;0;0;0;0;0;0;0;0;0;0;0;1;0;0;0;0;0;0
6047;3;2;3;1;77;26;1;0;3,8%;0,0%;0;0;0;0;0;1;0;0;0;0;0;0;0;0;0;0;0;0;0;0;0;0;0;0;0;0;0;0
6049;2;3;1;2;147;212;1;4;0,5%;1,9%;0;0;0;0;0;0;0;1;0;0;0;0;0;0;0;0;0;2;0;0;0;1;0;0;1;0;0;0
6052;2;2;2;3;0;75;1;4;1,3%;5,3%;0;0;0;0;0;1;0;0;0;0;0;0;0;0;0;0;1;0;0;0;0;0;1;2;0;0;0;0
6053;2;3;3;1;520;47;0;0;0,0%;0,0%;0;0;0;0;0;0;0;0;0;0;0;0;0;0;0;0;0;0;0;0;0;0;0;0;0;0;0;0
6054;2;3;3;2;164;312;1;11;0,3%;3,5%;0;0;0;0;1;0;0;0;0;0;0;0;0;0;0;0;0;0;0;2;0;4;1;4;0;0;0;0
6034;1;1;2;3;58;11;0;2;0,0%;18,2%;0;0;0;0;0;0;0;0;0;0;0;0;0;0;0;0;1;0;0;0;0;0;0;1;0;0;0;0
6055;2;1;2;2;10;60;1;0;1,7%;0,0%;0;0;0;0;0;0;0;0;1;0;0;0;0;0;0;0;0;0;0;0;0;0;0;0;0;0;0;0
6056;1;2;2;1;444;471;32;7;6,8%;1,5%;5;3;3;2;5;5;6;0;0;0;0;0;3;0;0;0;0;0;0;0;0;3;0;2;0;1;1;0
6064;3;3;1;2;;;;;;;;;;;;;;;;;;;;;;;;;;;;;;;;;;
6057;2;2;3;2;113;237;15;6;6,3%;2,5%;0;0;5;0;7;1;0;0;1;0;0;0;1;0;0;0;2;0;0;0;0;3;0;1;0;0;0;0
6062;2;1;2;3;472;48;4;0;8,3%;0,0%;0;0;3;0;0;0;0;0;0;0;0;0;1;0;0;0;0;0;0;0;0;0;0;0;0;0;0;0
6059;2;3;2;2;;;;;;;;;;;;;;;;;;;;;;;;;;;;;;;;;;
6061;2;1;3;1;111;65;1;0;1,5%;0,0%;0;0;0;0;0;0;0;0;1;0;0;0;0;0;0;0;0;0;0;0;0;0;0;0;0;0;0;0
6072;2;3;2;3;133;80;4;0;5,0%;0,0%;0;0;2;0;2;0;0;0;0;0;0;0;0;0;0;0;0;0;0;0;0;0;0;0;0;0;0;0
6060;3;2;2;2;133;81;0;4;0,0%;4,9%;0;0;0;0;0;0;0;0;0;0;0;0;0;0;0;0;0;0;0;0;0;2;0;2;0;0;0;0
6065;2;2;2;2;;;;;;;;;;;;;;;;;;;;;;;;;;;;;;;;;;
6058;3;2;1;2;467;78;2;1;2,6%;1,3%;0;0;0;0;1;0;0;1;0;0;0;0;0;0;0;0;0;0;0;0;0;0;0;0;0;1;0;0
6071;2;2;2;1;199;341;11;9;3,2%;2,6%;0;0;0;0;1;3;1;2;0;0;0;1;3;0;0;0;1;0;0;1;1;0;0;1;0;5;0;0
6066;2;2;2;2;;;;;;;;;;;;;;;;;;;;;;;;;;;;;;;;;;
6069;2;2;2;2;;;;;;;;;;;;;;;;;;;;;;;;;;;;;;;;;;
6067;2;2;2;2;207;310;13;11;4,2%;3,5%;2;0;5;0;3;1;1;0;0;0;1;0;0;0;0;0;0;0;0;1;0;5;0;4;1;0;0;0
6063;2;3;2;3;52;46;0;6;0,0%;13,0%;0;0;0;0;0;0;0;0;0;0;0;0;0;0;0;0;0;2;0;0;0;0;0;3;0;1;0;0
6073;2;2;3;1;495;100;3;3;3,0%;3,0%;1;0;1;0;0;1;0;0;0;0;0;0;0;0;0;0;0;0;0;0;0;2;1;0;0;0;0;0
6070;2;2;3;1;;;;;;;;;;;;;;;;;;;;;;;;;;;;;;;;;;
6068;2;2;3;2;36;22;0;0;0,0%;0,0%;0;0;0;0;0;0;0;0;0;0;0;0;0;0;0;0;0;0;0;0;0;0;0;0;0;0;0;0
6074;2;2;1;3;;;;;;;;;;;;;;;;;;;;;;;;;;;;;;;;;;
6075;2;2;3;3;258;88;2;1;2,3%;1,1%;1;0;1;0;0;0;0;0;0;0;0;0;0;0;0;0;0;0;0;0;0;0;0;1;0;0;0;0
6084;2;3;2;3;132;278;1;25;0,4%;9,0%;0;0;0;0;0;0;0;1;0;0;0;0;0;0;0;0;6;5;2;1;5;1;2;1;0;0;2;0
6076;2;2;2;1;129;31;0;0;0,0%;0,0%;0;0;0;0;0;0;0;0;0;0;0;0;0;0;0;0;0;0;0;0;0;0;0;0;0;0;0;0
6080;2;1;3;2;258;103;4;4;3,9%;3,9%;0;0;0;0;1;0;0;0;1;0;0;0;2;0;0;0;0;0;0;0;0;0;0;4;0;0;0;0
6082;2;3;3;3;;;;;;;;;;;;;;;;;;;;;;;;;;;;;;;;;;
6081;2;3;3;1;264;657;46;28;7,0%;4,3%;4;9;8;1;8;1;5;1;1;0;1;1;6;0;0;3;0;2;2;0;0;15;0;4;1;0;1;0
6079;3;3;3;2;221;88;2;2;2,3%;2,3%;0;1;0;1;0;0;0;0;0;0;0;0;0;0;0;0;0;0;0;0;0;1;0;1;0;0;0;0
6078;2;1;2;1;367;264;7;1;2,7%;0,4%;3;0;0;1;1;0;2;0;0;0;0;0;0;0;0;0;0;0;0;0;0;0;1;0;0;0;0;0
6083;2;3;1;2;190;15;0;0;0,0%;0,0%;0;0;0;0;0;0;0;0;0;0;0;0;0;0;0;0;0;0;0;0;0;0;0;0;0;0;0;0
6091;2;2;2;2;;;;;;;;;;;;;;;;;;;;;;;;;;;;;;;;;;
6089;1;2;3;2;81;53;3;1;5,7%;1,9%;0;0;2;0;0;0;1;0;0;0;0;0;0;0;0;0;0;0;0;0;0;0;0;0;0;1;0;0
6086;2;2;2;2;;;;;;;;;;;;;;;;;;;;;;;;;;;;;;;;;;
6090;2;2;1;1;;;;;;;;;;;;;;;;;;;;;;;;;;;;;;;;;;
889;2;1;1;2;164;84;4;2;4,8%;2,4%;1;0;2;0;0;0;1;0;0;0;0;0;0;0;0;0;0;0;0;0;0;1;0;1;0;0;0;0
6093;2;3;3;2;75;45;2;0;4,4%;0,0%;0;0;1;0;0;0;0;0;0;0;0;0;1;0;0;0;0;0;0;0;0;0;0;0;0;0;0;0
6094;2;1;2;2;87;47;0;3;0,0%;6,4%;0;0;0;0;0;0;0;0;0;0;0;0;0;0;0;0;0;0;0;0;0;3;0;0;0;0;0;0
6092;2;2;2;3;159;244;5;4;2,0%;1,6%;0;0;2;0;0;1;0;0;0;0;0;0;2;0;0;0;0;0;0;0;0;3;0;0;0;1;0;0
6099;2;1;1;2;91;61;0;1;0,0%;1,6%;0;0;0;0;0;0;0;0;0;0;0;0;0;0;0;0;0;0;0;0;0;1;0;0;0;0;0;0
6096;2;3;1;2;389;180;2;1;1,1%;0,6%;0;0;2;0;0;0;0;0;0;0;0;0;0;0;0;0;0;0;0;0;0;0;1;0;0;0;0;0
6095;2;2;3;2;77;2;0;0;0,0%;0,0%;0;0;0;0;0;0;0;0;0;0;0;0;0;0;0;0;0;0;0;0;0;0;0;0;0;0;0;0
6101;2;1;3;2;214;238;8;7;3,4%;2,9%;2;0;0;0;3;1;1;0;0;0;0;0;1;0;0;1;1;2;0;0;0;2;0;1;0;0;0;0
6097;3;3;1;2;527;27;2;0;7,4%;0,0%;1;0;0;0;1;0;0;0;0;0;0;0;0;0;0;0;0;0;0;0;0;0;0;0;0;0;0;0
6098;2;2;1;2;99;202;9;11;4,5%;5,4%;1;0;0;0;2;4;1;0;0;0;1;0;0;0;0;1;1;6;1;0;0;0;1;0;0;1;0;0
6100;2;2;2;3;73;69;1;5;1,4%;7,2%;0;0;0;0;0;0;0;1;0;0;0;0;0;0;0;0;0;0;0;1;0;2;1;1;0;0;0;0
6102;2;2;;2;237;153;19;5;12,4%;3,3%;3;2;3;0;1;0;2;2;0;0;0;0;6;0;0;0;0;0;0;0;0;3;0;0;0;0;2;0
6103;2;1;3;1;102;74;4;5;5,4%;6,8%;0;0;0;0;0;2;1;0;0;0;0;0;1;0;0;1;1;0;1;0;0;1;0;0;0;1;0;0
6104;2;2;2;2;0;0;0;0;0,0%;0,0%;0;0;0;0;0;0;0;0;0;0;0;0;0;0;0;0;0;0;0;0;0;0;0;0;0;0;0;0
6077;3;3;2;2;92;102;2;0;2,0%;0,0%;0;0;1;0;0;0;0;0;1;0;0;0;0;0;0;0;0;0;0;0;0;0;0;0;0;0;0;0
6088;3;2;3;2;91;75;11;1;14,7%;1,3%;1;2;4;0;0;0;1;1;0;0;0;0;2;0;0;0;0;0;0;0;0;1;0;0;0;0;0;0
6107;3;2;3;1;208;153;1;7;0,7%;4,6%;0;0;1;0;0;0;0;0;0;0;0;0;0;0;0;0;0;0;0;0;0;4;2;1;0;0;0;0
6105;3;2;2;2;402;346;3;8;0,9%;2,3%;0;1;0;1;0;0;0;1;0;0;0;0;0;0;0;0;0;0;0;0;0;4;1;3;0;0;0;0
6110;2;2;2;1;82;275;2;12;0,7%;4,4%;1;0;0;0;0;0;1;0;0;0;0;0;0;0;0;0;0;2;0;3;1;4;0;1;1;0;0;0
6106;3;2;3;3;155;105;1;0;1,0%;0,0%;1;0;0;0;0;0;0;0;0;0;0;0;0;0;0;0;0;0;0;0;0;0;0;0;0;0;0;0
6114;2;3;1;2;;;;;;;;;;;;;;;;;;;;;;;;;;;;;;;;;;
6115;1;2;1;2;;;;;;;;;;;;;;;;;;;;;;;;;;;;;;;;;;
6111;2;1;;2;728;192;7;0;3,6%;0,0%;0;0;1;2;3;1;0;0;0;0;0;0;0;0;0;0;0;0;0;0;0;0;0;0;0;0;0;0
6117;2;3;3;1;140;37;0;1;0,0%;2,7%;0;0;0;0;0;0;0;0;0;0;0;0;0;0;0;0;0;0;0;0;0;1;0;0;0;0;0;0
6128;2;2;3;3;354;163;9;15;5,5%;9,2%;0;0;2;1;0;0;0;1;0;0;0;4;1;0;0;0;2;1;0;0;0;4;0;4;2;2;0;0
6129;2;2;1;1;103;60;0;0;0,0%;0,0%;0;0;0;0;0;0;0;0;0;0;0;0;0;0;0;0;0;0;0;0;0;0;0;0;0;0;0;0
6130;2;2;2;2;150;256;3;14;1,2%;5,5%;0;0;2;1;0;0;0;0;0;0;0;0;0;0;0;0;0;0;0;0;0;9;1;4;0;0;0;0
6122;2;3;2;1;132;59;1;2;1,7%;3,4%;0;0;1;0;0;0;0;0;0;0;0;0;0;0;0;0;0;0;0;0;0;1;0;1;0;0;0;0
6133;2;3;3;3;147;256;9;1;3,5%;0,4%;1;0;4;0;2;1;1;0;0;0;0;0;0;0;0;0;0;0;0;1;0;0;0;0;0;0;0;0
6121;2;1;2;2;110;47;2;1;4,3%;2,1%;0;0;2;0;0;0;0;0;0;0;0;0;0;0;0;0;0;0;0;0;0;0;1;0;0;0;0;0
6131;3;3;3;1;166;56;0;1;0,0%;1,8%;0;0;0;0;0;0;0;0;0;0;0;0;0;0;0;1;0;0;0;0;0;0;0;0;0;0;0;0
6125;2;3;2;2;389;128;4;12;3,1%;9,4%;0;0;1;2;1;0;0;0;0;0;0;0;0;0;0;3;2;0;0;1;0;0;1;5;0;0;0;0
6124;2;2;2;1;151;40;2;0;5,0%;0,0%;0;0;1;0;1;0;0;0;0;0;0;0;0;0;0;0;0;0;0;0;0;0;0;0;0;0;0;0
6123;2;2;2;1;704;237;6;1;2,5%;0,4%;0;0;1;0;4;1;0;0;0;0;0;0;0;0;0;0;0;0;0;0;0;0;0;1;0;0;0;0
6127;2;2;2;2;207;82;7;0;8,5%;0,0%;4;0;1;0;0;1;0;0;0;0;0;0;1;0;0;0;0;0;0;0;0;0;0;0;0;0;0;0
6126;2;2;3;1;55;224;3;25;1,3%;11,2%;1;0;0;0;1;0;1;0;0;0;0;0;0;0;0;2;1;5;0;3;1;6;2;1;2;1;1;0
6134;2;2;2;1;126;262;10;1;3,8%;0,4%;3;0;0;0;1;4;1;0;1;0;0;0;0;0;0;0;0;0;0;0;0;0;0;0;0;0;1;0
6132;3;3;2;2;34;141;8;1;5,7%;0,7%;6;0;0;0;1;0;0;0;0;0;0;0;1;0;0;0;1;0;0;0;0;0;0;0;0;0;0;0
6135;2;3;3;2;118;244;11;12;4,5%;4,9%;0;1;0;3;1;1;0;0;0;0;0;0;5;0;0;0;0;1;0;0;0;5;3;3;0;0;0;0
6120;3;3;3;2;129;71;2;1;2,8%;1,4%;0;0;2;0;0;0;0;0;0;0;0;0;0;0;0;0;0;0;0;0;0;0;1;0;0;0;0;0
6087;2;3;1;1;85;19;1;1;5,3%;5,3%;0;0;0;0;0;0;0;0;0;0;0;1;0;0;1;0;0;0;0;0;0;0;0;0;0;0;0;0
6136;2;2;1;2;198;107;1;2;0,9%;1,9%;0;1;0;0;0;0;0;0;0;0;0;0;0;0;0;0;0;0;0;0;0;1;0;0;0;1;0;0
6143;2;3;1;2;542;224;5;2;2,2%;0,9%;1;0;1;0;0;1;0;0;0;0;0;0;2;0;0;0;0;0;0;0;0;2;0;0;0;0;0;0
6142;2;2;2;2;;;;;;;;;;;;;;;;;;;;;;;;;;;;;;;;;;
6141;2;2;2;2;649;28;1;1;3,6%;3,6%;0;0;1;0;0;0;0;0;0;0;0;0;0;0;0;0;0;0;0;0;0;1;0;0;0;0;0;0
6148;2;1;3;3;10;80;1;1;1,3%;1,3%;0;0;0;0;0;0;1;0;0;0;0;0;0;0;0;0;0;0;0;0;0;0;0;0;0;0;1;0
6144;2;3;1;1;175;349;3;0;0,9%;0,0%;0;1;1;0;1;0;0;0;0;0;0;0;0;0;0;0;0;0;0;0;0;0;0;0;0;0;0;0
6151;2;3;1;1;53;29;3;0;10,3%;0,0%;0;0;3;0;0;0;0;0;0;0;0;0;0;0;0;0;0;0;0;0;0;0;0;0;0;0;0;0
6147;2;3;3;2;306;197;9;2;4,6%;1,0%;3;0;2;0;2;0;0;0;0;0;0;1;1;0;0;0;0;0;0;0;0;1;0;1;0;0;0;0
6145;2;3;2;1;602;145;5;2;3,4%;1,4%;2;1;1;0;0;0;0;0;0;0;0;1;0;0;0;0;0;1;0;0;0;1;0;0;0;0;0;0
6139;2;2;1;1;19;318;12;17;3,8%;5,3%;0;1;1;0;1;3;3;0;1;0;0;0;2;0;0;0;1;0;0;1;1;6;1;1;0;2;4;0
6140;2;1;2;1;161;201;14;0;7,0%;0,0%;2;0;2;1;5;1;2;0;0;0;0;0;1;0;0;0;0;0;0;0;0;0;0;0;0;0;0;0
6152;2;3;2;1;207;74;2;1;2,7%;1,4%;0;0;0;1;0;1;0;0;0;0;0;0;0;0;0;0;0;0;0;0;0;1;0;0;0;0;0;0
6146;2;3;2;1;;;;;;;;;;;;;;;;;;;;;;;;;;;;;;;;;;
6154;1;2;3;2;289;151;3;1;2,0%;0,7%;0;0;2;1;0;0;0;0;0;0;0;0;0;0;0;0;0;0;0;0;0;0;0;0;0;1;0;0
6149;2;3;3;2;344;85;3;0;3,5%;0,0%;2;0;1;0;0;0;0;0;0;0;0;0;0;0;0;0;0;0;0;0;0;0;0;0;0;0;0;0
6155;2;2;2;3;252;42;6;2;14,3%;4,8%;0;0;0;0;0;0;0;0;1;0;0;2;3;0;0;0;0;0;0;0;0;1;0;0;0;1;0;0
6150;3;2;2;2;352;127;4;1;3,1%;0,8%;0;0;1;0;1;0;0;0;0;0;0;0;2;0;0;0;0;0;0;0;0;0;0;1;0;0;0;0
6153;2;2;3;2;103;43;2;2;4,7%;4,7%;0;0;2;0;0;0;0;0;0;0;0;0;0;0;0;0;0;0;0;0;0;1;0;0;1;0;0;0
6156;2;1;1;1;0;0;0;0;0,0%;0,0%;0;0;0;0;0;0;0;0;0;0;0;0;0;0;0;0;0;0;0;0;0;0;0;0;0;0;0;0
6157;2;2;2;1;103;95;1;3;1,1%;3,2%;0;0;0;0;0;0;0;1;0;0;0;0;0;0;0;1;0;0;0;0;0;0;0;2;0;0;0;0
6158;2;2;1;2;304;179;5;0;2,8%;0,0%;0;0;0;0;3;1;1;0;0;0;0;0;0;0;0;0;0;0;0;0;0;0;0;0;0;0;0;0
6159;2;2;2;1;154;407;7;5;1,7%;1,2%;1;0;0;2;2;0;0;0;0;0;0;0;2;0;0;0;0;0;0;1;0;2;0;2;0;0;0;0
6160;3;2;3;3;;;;;;;;;;;;;;;;;;;;;;;;;;;;;;;;;;
6164;2;2;3;2;188;88;2;8;2,3%;9,1%;0;0;0;0;0;0;0;0;1;0;0;0;1;0;0;2;0;1;0;0;0;3;0;1;0;1;0;0
6165;2;2;3;2;324;651;13;57;2,0%;8,8%;0;1;0;3;2;1;5;1;0;0;0;0;0;0;0;13;1;2;1;2;0;24;2;11;1;0;0;0
6169;1;2;1;2;252;133;6;6;4,5%;4,5%;1;0;1;0;0;0;1;0;0;0;0;2;1;0;0;0;0;1;0;0;0;2;0;1;0;2;0;0
6170;2;;;;;;;;;;;;;;;;;;;;;;;;;;;;;;;;;;;;;
6167;2;2;3;2;32;125;1;2;0,8%;1,6%;0;0;0;0;0;1;0;0;0;0;0;0;0;0;0;0;0;0;0;0;0;0;0;2;0;0;0;0
6171;3;3;3;1;44;81;2;2;2,5%;2,5%;0;0;0;0;0;0;0;0;0;0;0;0;2;0;0;1;0;0;0;0;0;0;1;0;0;0;0;0
6168;2;2;1;1;44;47;1;2;2,1%;4,3%;0;0;0;1;0;0;0;0;0;0;0;0;0;0;0;0;0;0;0;0;1;0;0;1;0;0;0;0
6173;2;2;2;2;;;;;;;;;;;;;;;;;;;;;;;;;;;;;;;;;;
6176;2;3;3;2;28;414;5;33;1,2%;8,0%;3;0;0;0;0;0;0;0;0;0;1;0;1;0;0;0;2;7;2;4;7;1;2;6;0;2;0;0
6179;2;2;2;2;228;339;8;2;2,4%;0,6%;1;0;0;1;5;0;0;1;0;0;0;0;0;0;0;0;0;0;0;0;0;0;0;2;0;0;0;0
6175;2;3;2;2;;;;;;;;;;;;;;;;;;;;;;;;;;;;;;;;;;
6184;2;3;3;1;78;42;0;5;0,0%;11,9%;0;0;0;0;0;0;0;0;0;0;0;0;0;0;0;0;1;1;0;0;0;3;0;0;0;0;0;0
6183;2;2;1;2;85;31;0;0;0,0%;0,0%;0;0;0;0;0;0;0;0;0;0;0;0;0;0;0;0;0;0;0;0;0;0;0;0;0;0;0;0
6180;3;2;3;1;82;47;2;0;4,3%;0,0%;1;0;0;0;1;0;0;0;0;0;0;0;0;0;0;0;0;0;0;0;0;0;0;0;0;0;0;0
6177;2;2;3;3;97;34;1;0;2,9%;0,0%;0;0;0;0;0;1;0;0;0;0;0;0;0;0;0;0;0;0;0;0;0;0;0;0;0;0;0;0
6181;2;3;1;2;94;115;6;3;5,2%;2,6%;1;0;0;0;5;0;0;0;0;0;0;0;0;0;0;1;0;0;0;0;0;0;0;0;0;2;0;0
6174;3;2;2;2;;;;;;;;;;;;;;;;;;;;;;;;;;;;;;;;;;
6178;2;2;2;3;142;67;0;6;0,0%;9,0%;0;0;0;0;0;0;0;0;0;0;0;0;0;0;0;0;0;0;0;0;0;4;0;1;1;0;0;0
6182;3;3;2;3;152;46;2;3;4,3%;6,5%;1;0;0;0;0;0;0;0;0;0;0;1;0;0;0;0;1;0;0;0;0;0;0;1;0;1;0;0
6186;2;2;2;3;251;576;30;19;5,2%;3,3%;2;2;7;0;10;3;1;0;1;0;0;0;4;0;0;1;0;0;0;2;0;12;0;1;1;1;1;0
6187;3;2;3;3;104;76;6;0;7,9%;0,0%;1;0;0;0;4;1;0;0;0;0;0;0;0;0;0;0;0;0;0;0;0;0;0;0;0;0;0;0
6185;2;1;2;2;3;2;0;0;0,0%;0,0%;0;0;0;0;0;0;0;0;0;0;0;0;0;0;0;0;0;0;0;0;0;0;0;0;0;0;0;0
6188;3;2;1;1;;;;;;;;;;;;;;;;;;;;;;;;;;;;;;;;;;
6189;2;3;2;1;;;;;;;;;;;;;;;;;;;;;;;;;;;;;;;;;;
6191;2;2;3;1;;;;;;;;;;;;;;;;;;;;;;;;;;;;;;;;;;
6195;2;3;3;2;146;35;0;2;0,0%;5,7%;0;0;0;0;0;0;0;0;0;0;0;0;0;0;0;0;0;1;0;0;0;0;0;0;0;1;0;0
6192;2;2;3;2;358;121;7;7;5,8%;5,8%;2;1;0;1;1;1;1;0;0;0;0;0;0;0;0;1;0;0;0;0;0;5;0;0;1;0;0;0
6190;2;2;2;2;237;188;16;1;8,5%;0,5%;9;0;3;2;1;0;0;0;0;0;1;0;0;0;0;0;0;0;0;0;0;1;0;0;0;0;0;0
6194;2;3;1;2;309;16;1;1;6,3%;6,3%;0;0;1;0;0;0;0;0;0;0;0;0;0;0;0;0;0;0;0;0;0;0;0;1;0;0;0;0
6193;2;3;1;1;132;95;2;4;2,1%;4,2%;0;0;0;1;0;0;0;0;1;0;0;0;0;0;0;0;0;0;1;1;0;1;0;1;0;0;0;0
6196;2;2;3;2;78;136;3;1;2,2%;0,7%;0;0;0;0;2;0;1;0;0;0;0;0;0;0;0;0;1;0;0;0;0;0;0;0;0;0;0;0
6197;2;1;3;1;47;102;5;5;4,9%;4,9%;0;0;0;2;1;0;1;0;0;0;0;0;1;0;0;0;0;0;1;0;2;0;0;2;0;0;0;0
6221;2;1;2;2;135;447;30;20;6,7%;4,5%;13;1;1;1;4;4;6;0;0;0;0;0;0;0;0;0;1;1;0;1;1;2;1;6;0;6;1;0
6200;2;2;3;2;160;205;18;2;8,8%;1,0%;13;0;0;0;3;1;1;0;0;0;0;0;0;0;0;0;0;0;0;0;0;0;0;2;0;0;0;0
6202;2;1;2;2;0;70;2;2;2,9%;2,9%;1;0;0;0;0;1;0;0;0;0;0;0;0;0;0;0;0;0;0;0;0;1;0;1;0;0;0;0
6204;2;1;2;1;12;8;0;0;0,0%;0,0%;0;0;0;0;0;0;0;0;0;0;0;0;0;0;0;0;0;0;0;0;0;0;0;0;0;0;0;0
6199;2;1;3;2;181;35;1;0;2,9%;0,0%;0;0;0;0;1;0;0;0;0;0;0;0;0;0;0;0;0;0;0;0;0;0;0;0;0;0;0;0
6207;2;3;2;1;;;;;;;;;;;;;;;;;;;;;;;;;;;;;;;;;;
6205;2;2;2;2;;;;;;;;;;;;;;;;;;;;;;;;;;;;;;;;;;
6212;2;2;1;3;144;553;3;30;0,5%;5,4%;0;0;1;0;2;0;0;0;0;0;0;0;0;0;0;0;0;1;0;0;0;13;1;15;0;0;0;0
6209;2;2;2;3;;;;;;;;;;;;;;;;;;;;;;;;;;;;;;;;;;
6214;2;3;3;2;;;;;;;;;;;;;;;;;;;;;;;;;;;;;;;;;;
6213;3;1;3;2;24;7;0;0;0,0%;0,0%;0;0;0;0;0;0;0;0;0;0;0;0;0;0;0;0;0;0;0;0;0;0;0;0;0;0;0;0
6228;2;2;2;3;131;277;6;6;2,2%;2,2%;1;0;0;0;1;1;2;0;0;0;0;1;0;0;0;0;0;1;0;0;0;2;1;2;0;0;0;0
6220;2;2;1;1;155;119;10;1;8,4%;0,8%;8;0;0;0;0;1;1;0;0;0;0;0;0;0;0;0;0;0;0;0;0;0;0;0;1;0;0;0
6217;2;2;2;3;156;122;5;3;4,1%;2,5%;1;0;1;0;3;0;0;0;0;0;0;0;0;0;0;0;0;0;0;0;0;2;0;1;0;0;0;0
6216;2;2;2;1;155;489;12;7;2,5%;1,4%;4;0;0;0;6;1;1;0;0;0;0;0;0;0;0;1;0;0;0;1;0;4;0;1;0;0;0;0
6226;2;3;3;2;66;133;1;3;0,8%;2,3%;0;0;0;0;0;1;0;0;0;0;0;0;0;0;0;1;0;0;0;0;0;1;0;1;0;0;0;0
6215;2;3;2;1;117;29;0;0;0,0%;0,0%;0;0;0;0;0;0;0;0;0;0;0;0;0;0;0;0;0;0;0;0;0;0;0;0;0;0;0;0
6201;2;2;3;2;;;;;;;;;;;;;;;;;;;;;;;;;;;;;;;;;;
6227;2;2;1;1;;;;;;;;;;;;;;;;;;;;;;;;;;;;;;;;;;
6225;2;2;2;2;;;;;;;;;;;;;;;;;;;;;;;;;;;;;;;;;;
6224;2;2;3;3;;;;;;;;;;;;;;;;;;;;;;;;;;;;;;;;;;
6230;2;2;3;2;28;6;0;0;0,0%;0,0%;0;0;0;0;0;0;0;0;0;0;0;0;0;0;0;0;0;0;0;0;0;0;0;0;0;0;0;0
6206;2;2;2;1;78;202;3;2;1,5%;1,0%;1;0;0;1;0;0;0;0;0;0;0;0;0;1;0;0;0;0;0;0;0;1;0;1;0;0;0;0
6219;2;2;1;1;254;241;23;3;9,5%;1,2%;4;0;1;0;4;4;5;1;1;0;1;0;2;0;0;0;0;0;1;0;1;0;0;1;0;0;0;0
6231;3;2;;2;58;92;1;6;1,1%;6,5%;0;0;0;0;0;0;1;0;0;0;0;0;0;0;0;0;1;1;1;1;0;1;0;1;0;0;0;0
6223;2;2;2;3;71;113;6;0;5,3%;0,0%;6;0;0;0;0;0;0;0;0;0;0;0;0;0;0;0;0;0;0;0;0;0;0;0;0;0;0;0
6232;2;3;1;2;240;93;6;1;6,5%;1,1%;6;0;0;0;0;0;0;0;0;0;0;0;0;0;0;0;0;0;0;0;0;0;0;1;0;0;0;0
6203;2;3;3;2;64;18;1;0;5,6%;0,0%;1;0;0;0;0;0;0;0;0;0;0;0;0;0;0;0;0;0;0;0;0;0;0;0;0;0;0;0
6210;2;2;2;2;94;111;17;3;15,3%;2,7%;7;0;0;1;2;2;5;0;0;0;0;0;0;0;0;0;1;0;0;0;0;1;0;0;0;0;1;0
2624;2;2;2;1;276;7;0;0;0,0%;0,0%;0;0;0;0;0;0;0;0;0;0;0;0;0;0;0;0;0;0;0;0;0;0;0;0;0;0;0;0
6218;3;2;3;3;35;144;6;1;4,2%;0,7%;4;0;0;0;0;0;2;0;0;0;0;0;0;0;0;0;1;0;0;0;0;0;0;0;0;0;0;0
6235;2;2;;2;387;54;3;1;5,6%;1,9%;1;0;0;0;1;0;1;0;0;0;0;0;0;0;0;0;1;0;0;0;0;0;0;0;0;0;0;0
2620;2;2;;3;154;87;5;3;5,7%;3,4%;3;0;0;0;0;1;1;0;0;0;0;0;0;0;0;0;0;0;0;0;0;2;1;0;0;0;0;0
6233;2;1;3;1;93;35;0;2;0,0%;5,7%;0;0;0;0;0;0;0;0;0;0;0;0;0;0;0;0;0;0;0;0;0;0;0;2;0;0;0;0
2625;2;;;;;;;;;;;;;;;;;;;;;;;;;;;;;;;;;;;;;
2630;2;;;;;;;;;;;;;;;;;;;;;;;;;;;;;;;;;;;;;
2622;2;;;;;;;;;;;;;;;;;;;;;;;;;;;;;;;;;;;;;
2633;2;;;;;;;;;;;;;;;;;;;;;;;;;;;;;;;;;;;;;
6229;2;3;1;2;166;70;1;3;1,4%;4,3%;0;1;0;0;0;0;0;0;0;0;0;0;0;0;0;0;0;1;0;0;0;1;0;1;0;0;0;0
6239;2;2;2;2;200;175;5;1;2,9%;0,6%;0;1;0;0;2;2;0;0;0;0;0;0;0;0;0;0;0;0;0;0;0;0;0;0;0;1;0;0
6240;2;2;2;2;103;79;0;2;0,0%;2,5%;0;0;0;0;0;0;0;0;0;0;0;0;0;0;0;0;0;0;0;0;0;1;0;0;0;1;0;0
6244;2;3;1;2;33;189;3;1;1,6%;0,5%;2;0;0;0;0;1;0;0;0;0;0;0;0;0;0;0;0;0;0;0;0;1;0;0;0;0;0;0
6248;1;2;3;1;137;37;0;1;0,0%;2,7%;0;0;0;0;0;0;0;0;0;0;0;0;0;0;0;0;0;0;0;0;0;1;0;0;0;0;0;0
6251;3;3;2;3;64;256;1;30;0,4%;11,7%;0;0;1;0;0;0;0;0;0;0;0;0;0;0;0;3;4;0;0;1;0;11;3;1;3;2;2;0
6243;1;1;3;1;126;51;0;6;0,0%;11,8%;0;0;0;0;0;0;0;0;0;0;0;0;0;0;0;2;0;0;0;0;0;1;1;1;0;0;1;0
6241;2;3;3;1;;;;;;;;;;;;;;;;;;;;;;;;;;;;;;;;;;
6252;2;1;3;2;64;42;0;1;0,0%;2,4%;0;0;0;0;0;0;0;0;0;0;0;0;0;0;0;0;1;0;0;0;0;0;0;0;0;0;0;0
6238;2;2;1;1;500;939;65;15;6,9%;1,6%;8;1;12;7;23;2;3;3;0;0;0;0;1;5;0;0;0;1;0;0;2;6;0;3;0;2;1;0
6247;2;3;2;1;26;45;0;12;0,0%;26,7%;0;0;0;0;0;0;0;0;0;0;0;0;0;0;0;0;0;1;0;1;0;6;1;2;1;0;0;0
6242;2;2;2;2;57;70;1;4;1,4%;5,7%;0;0;1;0;0;0;0;0;0;0;0;0;0;0;0;0;0;0;0;1;0;2;0;1;0;0;0;0
6246;2;2;2;3;56;64;3;0;4,7%;0,0%;1;0;1;1;0;0;0;0;0;0;0;0;0;0;0;0;0;0;0;0;0;0;0;0;0;0;0;0
6253;2;2;2;1;99;47;1;1;2,1%;2,1%;1;0;0;0;0;0;0;0;0;0;0;0;0;0;0;0;0;0;0;0;0;1;0;0;0;0;0;0
6245;2;2;2;1;458;278;14;1;5,0%;0,4%;3;0;0;6;2;0;0;3;0;0;0;0;0;0;0;0;0;0;0;1;0;0;0;0;0;0;0;0
6250;2;2;2;3;139;17;0;1;0,0%;5,9%;0;0;0;0;0;0;0;0;0;0;0;0;0;0;0;0;0;0;0;0;0;0;0;1;0;0;0;0
6249;2;2;2;1;48;98;1;0;1,0%;0,0%;0;0;0;0;0;1;0;0;0;0;0;0;0;0;0;0;0;0;0;0;0;0;0;0;0;0;0;0
6254;2;1;3;2;19;39;1;0;2,6%;0,0%;1;0;0;0;0;0;0;0;0;0;0;0;0;0;0;0;0;0;0;0;0;0;0;0;0;0;0;0
6256;2;2;2;3;42;16;2;0;12,5%;0,0%;0;0;0;0;0;0;0;0;0;0;0;0;1;1;0;0;0;0;0;0;0;0;0;0;0;0;0;0
6257;2;3;3;2;58;41;3;0;7,3%;0,0%;2;0;0;1;0;0;0;0;0;0;0;0;0;0;0;0;0;0;0;0;0;0;0;0;0;0;0;0
6258;2;1;1;1;;;;;;;;;;;;;;;;;;;;;;;;;;;;;;;;;;
6234;2;;;;;;;;;;;;;;;;;;;;;;;;;;;;;;;;;;;;;
6259;2;;;;;;;;;;;;;;;;;;;;;;;;;;;;;;;;;;;;;
6255;2;2;;3;50;13;0;0;0,0%;0,0%;0;0;0;0;0;0;0;0;0;0;0;0;0;0;0;0;0;0;0;0;0;0;0;0;0;0;0;0
6260;2;2;;2;;;;;;;;;;;;;;;;;;;;;;;;;;;;;;;;;;
6262;2;;;;;;;;;;;;;;;;;;;;;;;;;;;;;;;;;;;;;
6263;2;1;2;1;89;70;1;3;1,4%;4,3%;1;0;0;0;0;0;0;0;0;0;0;0;0;0;0;0;0;0;0;0;0;1;0;1;0;0;1;0
6264;2;;;;;;;;;;;;;;;;;;;;;;;;;;;;;;;;;;;;;
6266;2;2;2;3;121;76;8;0;10,5%;0,0%;2;0;0;0;1;3;1;0;1;0;0;0;0;0;0;0;0;0;0;0;0;0;0;0;0;0;0;0
6268;2;3;3;2;84;24;0;0;0,0%;0,0%;0;0;0;0;0;0;0;0;0;0;0;0;0;0;0;0;0;0;0;0;0;0;0;0;0;0;0;0
6269;2;3;2;1;244;54;8;0;14,8%;0,0%;5;0;1;0;1;0;0;0;1;0;0;0;0;0;0;0;0;0;0;0;0;0;0;0;0;0;0;0
6273;3;1;1;3;329;53;4;0;7,5%;0,0%;3;0;0;0;1;0;0;0;0;0;0;0;0;0;0;0;0;0;0;0;0;0;0;0;0;0;0;0
6271;2;2;;3;184;264;1;7;0,4%;2,7%;1;0;0;0;0;0;0;0;0;0;0;0;0;0;0;0;0;0;0;2;0;3;0;2;0;0;0;0
6274;2;;;;;;;;;;;;;;;;;;;;;;;;;;;;;;;;;;;;;
6277;2;2;;2;95;229;0;12;0,0%;5,2%;0;0;0;0;0;0;0;0;0;0;0;0;0;0;1;0;1;3;1;2;0;2;1;1;0;0;0;0
6278;2;1;;;;;;;;;;;;;;;;;;;;;;;;;;;;;;;;;;;;
6280;2;2;2;2;;;;;;;;;;;;;;;;;;;;;;;;;;;;;;;;;;
6276;2;2;2;2;89;126;2;3;1,6%;2,4%;1;0;0;0;0;0;0;0;0;0;1;0;0;0;0;0;0;1;0;0;0;2;0;0;0;0;0;0
6281;2;1;1;3;155;72;2;0;2,8%;0,0%;0;0;0;1;0;0;0;1;0;0;0;0;0;0;0;0;0;0;0;0;0;0;0;0;0;0;0;0
6279;3;1;2;2;78;4;0;0;0,0%;0,0%;0;0;0;0;0;0;0;0;0;0;0;0;0;0;0;0;0;0;0;0;0;0;0;0;0;0;0;0
6283;2;2;1;2;157;103;0;0;0,0%;0,0%;0;0;0;0;0;0;0;0;0;0;0;0;0;0;0;0;0;0;0;0;0;0;0;0;0;0;0;0
6285;2;2;1;3;206;5;0;0;0,0%;0,0%;0;0;0;0;0;0;0;0;0;0;0;0;0;0;0;0;0;0;0;0;0;0;0;0;0;0;0;0
6286;2;2;2;2;171;183;4;6;2,2%;3,3%;1;0;0;1;0;0;0;0;0;1;1;0;0;0;0;1;0;1;0;0;0;2;1;0;0;1;0;0
6288;3;;;;;;;;;;;;;;;;;;;;;;;;;;;;;;;;;;;;;
6289;2;;;;;;;;;;;;;;;;;;;;;;;;;;;;;;;;;;;;;
6292;2;1;2;1;61;81;0;3;0,0%;3,7%;0;0;0;0;0;0;0;0;0;0;0;0;0;0;0;0;0;0;0;0;0;0;0;2;0;1;0;0
6290;3;3;2;1;31;33;0;1;0,0%;3,0%;0;0;0;0;0;0;0;0;0;0;0;0;0;0;0;0;0;0;0;0;0;1;0;0;0;0;0;0
6291;2;2;1;3;89;160;6;17;3,8%;10,6%;0;0;0;0;0;1;0;0;0;4;0;0;0;1;0;0;1;1;0;0;2;8;0;3;0;1;1;0
6295;2;2;1;1;94;12;0;0;0,0%;0,0%;0;0;0;0;0;0;0;0;0;0;0;0;0;0;0;0;0;0;0;0;0;0;0;0;0;0;0;0
6298;2;;;;;;;;;;;;;;;;;;;;;;;;;;;;;;;;;;;;;
6282;2;1;1;1;232;45;5;1;11,1%;2,2%;2;0;0;0;2;1;0;0;0;0;0;0;0;0;0;0;0;0;1;0;0;0;0;0;0;0;0;0
6297;3;1;1;2;380;78;1;3;1,3%;3,8%;0;0;0;0;1;0;0;0;0;0;0;0;0;0;0;1;0;0;0;0;0;2;0;0;0;0;0;0
6293;2;2;;2;248;89;2;2;2,2%;2,2%;1;0;0;0;0;0;0;0;0;0;0;0;1;0;0;0;0;1;0;0;0;1;0;0;0;0;0;0
6302;2;1;2;2;58;26;2;0;7,7%;0,0%;0;0;0;0;0;2;0;0;0;0;0;0;0;0;0;0;0;0;0;0;0;0;0;0;0;0;0;0
6301;3;2;;2;45;62;0;4;0,0%;6,5%;0;0;0;0;0;0;0;0;0;0;0;0;0;0;0;0;0;2;0;0;0;1;0;1;0;0;0;0
6304;2;2;;2;157;43;0;1;0,0%;2,3%;0;0;0;0;0;0;0;0;0;0;0;0;0;0;0;0;0;0;0;0;0;0;0;1;0;0;0;0
6303;2;2;1;2;179;118;10;2;8,5%;1,7%;3;0;0;1;4;1;1;0;0;0;0;0;0;0;0;0;0;0;0;0;0;1;1;0;0;0;0;0
6309;2;;;;;;;;;;;;;;;;;;;;;;;;;;;;;;;;;;;;;
6311;2;3;2;2;212;245;3;12;1,2%;4,9%;0;0;1;0;0;2;0;0;0;0;0;0;0;0;0;0;2;0;0;0;0;2;0;3;3;2;0;0
6312;2;2;1;2;150;112;3;6;2,7%;5,4%;0;0;0;0;1;0;1;1;0;0;0;0;0;0;0;0;0;1;0;0;1;2;0;2;0;0;0;0
6313;2;2;2;3;31;23;0;1;0,0%;4,3%;0;0;0;0;0;0;0;0;0;0;0;0;0;0;0;0;0;0;1;0;0;0;0;0;0;0;0;0
6307;2;1;2;2;106;16;0;0;0,0%;0,0%;0;0;0;0;0;0;0;0;0;0;0;0;0;0;0;0;0;0;0;0;0;0;0;0;0;0;0;0
6314;1;2;;2;;;;;;;;;;;;;;;;;;;;;;;;;;;;;;;;;;
6316;3;3;2;3;;;;;;;;;;;;;;;;;;;;;;;;;;;;;;;;;;
6317;3;2;2;3;88;44;1;1;2,3%;2,3%;0;0;0;0;1;0;0;0;0;0;0;0;0;0;0;0;0;0;0;0;0;1;0;0;0;0;0;0
6310;3;3;1;2;73;20;3;0;15,0%;0,0%;0;0;0;0;0;1;0;2;0;0;0;0;0;0;0;0;0;0;0;0;0;0;0;0;0;0;0;0
6318;3;3;2;2;115;700;17;6;2,4%;0,9%;2;1;1;1;2;4;2;1;2;0;1;0;0;0;0;0;0;0;0;1;0;2;0;3;0;0;0;0
6319;2;;;;;;;;;;;;;;;;;;;;;;;;;;;;;;;;;;;;;
6321;2;1;2;1;77;102;0;9;0,0%;8,8%;0;0;0;0;0;0;0;0;0;0;0;0;0;0;0;1;0;1;0;0;1;1;1;2;0;0;2;0
6322;1;2;;2;216;136;3;12;2,2%;8,8%;0;0;0;0;3;0;0;0;0;0;0;0;0;0;0;0;0;1;0;1;0;2;0;8;0;0;0;0
6320;2;;;;;;;;;;;;;;;;;;;;;;;;;;;;;;;;;;;;;
6324;2;3;3;1;206;457;15;3;3,3%;0,7%;3;0;0;2;5;4;0;0;1;0;0;0;0;0;0;0;0;0;0;0;0;2;0;1;0;0;0;0
6296;2;;;;;;;;;;;;;;;;;;;;;;;;;;;;;;;;;;;;;
6325;2;1;3;1;40;19;1;0;5,3%;0,0%;0;0;0;0;0;0;0;0;0;1;0;0;0;0;0;0;0;0;0;0;0;0;0;0;0;0;0;0
6323;3;3;2;1;3;0;0;0;0,0%;0,0%;0;0;0;0;0;0;0;0;0;0;0;0;0;0;0;0;0;0;0;0;0;0;0;0;0;0;0;0
6327;3;2;;3;;;;;;;;;;;;;;;;;;;;;;;;;;;;;;;;;;
6330;2;1;1;1;49;85;0;4;0,0%;4,7%;0;0;0;0;0;0;0;0;0;0;0;0;0;0;0;0;1;0;0;0;0;1;0;1;0;0;1;0
6331;1;1;1;1;0;199;11;7;5,5%;3,5%;1;3;0;1;3;0;1;0;1;0;0;1;0;0;0;0;0;0;0;1;0;3;0;2;0;0;1;0
6332;2;2;2;1;26;7;0;0;0,0%;0,0%;0;0;0;0;0;0;0;0;0;0;0;0;0;0;0;0;0;0;0;0;0;0;0;0;0;0;0;0
6328;2;3;2;1;88;178;5;8;2,8%;4,5%;0;0;3;1;0;0;1;0;0;0;0;0;0;0;0;0;1;0;2;0;0;1;0;2;0;1;1;0
6294;2;;;;;;;;;;;;;;;;;;;;;;;;;;;;;;;;;;;;;
6334;2;1;2;2;107;61;0;0;0,0%;0,0%;0;0;0;0;0;0;0;0;0;0;0;0;0;0;0;0;0;0;0;0;0;0;0;0;0;0;0;0
6336;2;2;;2;31;21;0;0;0,0%;0,0%;0;0;0;0;0;0;0;0;0;0;0;0;0;0;0;0;0;0;0;0;0;0;0;0;0;0;0;0
6333;2;2;3;1;158;102;0;6;0,0%;5,9%;0;0;0;0;0;0;0;0;0;0;0;0;0;0;0;0;0;0;0;1;0;0;2;2;0;1;0;0
6335;3;2;3;1;;;;;;;;;;;;;;;;;;;;;;;;;;;;;;;;;;
6337;2;3;2;2;75;133;0;8;0,0%;6,0%;0;0;0;0;0;0;0;0;0;0;0;0;0;0;0;0;1;3;0;2;0;0;1;1;0;0;0;0
6338;2;2;2;1;69;25;0;3;0,0%;12,0%;0;0;0;0;0;0;0;0;0;0;0;0;0;0;0;0;0;0;0;0;0;0;0;1;0;2;0;0
6340;2;;;;;;;;;;;;;;;;;;;;;;;;;;;;;;;;;;;;;
6339;2;1;2;2;59;10;0;1;0,0%;10,0%;0;0;0;0;0;0;0;0;0;0;0;0;0;0;0;0;0;1;0;0;0;0;0;0;0;0;0;0
6341;2;3;;3;86;440;10;55;2,3%;12,5%;3;0;0;0;0;4;1;0;0;0;1;0;1;0;0;2;2;7;0;3;2;15;1;14;2;4;1;2
6343;2;;;;;;;;;;;;;;;;;;;;;;;;;;;;;;;;;;;;;
6342;2;1;2;1;17;131;0;8;0,0%;6,1%;0;0;0;0;0;0;0;0;0;0;0;0;0;0;0;1;0;0;0;0;0;0;0;6;0;1;0;0
6284;2;2;2;2;112;172;1;0;0,6%;0,0%;0;0;0;0;1;0;0;0;0;0;0;0;0;0;0;0;0;0;0;0;0;0;0;0;0;0;0;0
6345;2;3;2;1;102;43;0;0;0,0%;0,0%;0;0;0;0;0;0;0;0;0;0;0;0;0;0;0;0;0;0;0;0;0;0;0;0;0;0;0;0
6344;3;3;;2;79;2;0;0;0,0%;0,0%;0;0;0;0;0;0;0;0;0;0;0;0;0;0;0;0;0;0;0;0;0;0;0;0;0;0;0;0
6346;2;2;1;1;35;11;0;0;0,0%;0,0%;0;0;0;0;0;0;0;0;0;0;0;0;0;0;0;0;0;0;0;0;0;0;0;0;0;0;0;0
6347;2;3;1;2;108;339;2;18;0,6%;5,3%;0;0;0;1;0;0;0;0;0;1;0;0;0;0;0;0;1;3;1;4;5;0;2;0;0;1;0;1
6349;2;1;1;2;82;159;4;8;2,5%;5,0%;2;0;0;0;0;2;0;0;0;0;0;0;0;0;0;0;0;0;0;0;0;0;0;7;0;1;0;0
6351;2;2;;1;327;269;7;13;2,6%;4,8%;1;0;0;0;1;1;0;0;0;1;3;0;0;0;0;1;2;2;2;0;0;1;1;1;0;2;1;0
6350;3;2;2;2;161;294;6;7;2,0%;2,4%;1;0;1;0;1;2;0;0;0;1;0;0;0;0;0;0;0;1;0;0;1;3;0;2;0;0;0;0
6352;2;3;3;2;175;484;2;3;0,4%;0,6%;1;0;0;0;0;0;0;0;0;1;0;0;0;0;0;0;0;0;0;0;0;0;1;2;0;0;0;0
6354;2;3;3;1;169;61;0;0;0,0%;0,0%;0;0;0;0;0;0;0;0;0;0;0;0;0;0;0;0;0;0;0;0;0;0;0;0;0;0;0;0
6355;2;2;2;2;;;;;;;;;;;;;;;;;;;;;;;;;;;;;;;;;;
6357;2;3;1;2;59;16;0;0;0,0%;0,0%;0;0;0;0;0;0;0;0;0;0;0;0;0;0;0;0;0;0;0;0;0;0;0;0;0;0;0;0
6358;3;1;1;2;22;902;8;32;0,9%;3,5%;1;0;0;1;2;1;0;1;0;1;1;0;0;0;0;0;1;6;4;1;1;2;5;11;0;1;0;0
6359;3;;;;;;;;;;;;;;;;;;;;;;;;;;;;;;;;;;;;;
6360;1;1;;1;;;;;;;;;;;;;;;;;;;;;;;;;;;;;;;;;;
6361;2;;;;;;;;;;;;;;;;;;;;;;;;;;;;;;;;;;;;;
6363;2;;;;;;;;;;;;;;;;;;;;;;;;;;;;;;;;;;;;;
6367;2;;;;;;;;;;;;;;;;;;;;;;;;;;;;;;;;;;;;;
6365;2;2;;2;73;129;6;6;4,7%;4,7%;1;0;2;1;0;2;0;0;0;0;0;0;0;0;0;0;0;3;0;0;0;0;1;2;0;0;0;0
6369;2;1;;2;;;;;;;;;;;;;;;;;;;;;;;;;;;;;;;;;;
6370;2;3;1;2;74;67;3;1;4,5%;1,5%;0;0;0;0;0;1;1;0;0;1;0;0;0;0;0;0;0;0;0;0;0;1;0;0;0;0;0;0
6372;3;;;;;;;;;;;;;;;;;;;;;;;;;;;;;;;;;;;;;
6373;2;2;2;1;61;136;7;7;5,1%;5,1%;0;0;0;1;0;0;1;1;0;3;1;0;0;0;0;0;0;0;2;0;0;0;2;1;0;1;1;0
6374;2;;;;;;;;;;;;;;;;;;;;;;;;;;;;;;;;;;;;;
6375;2;1;;2;121;180;2;2;1,1%;1,1%;0;0;0;0;1;0;0;0;0;1;0;0;0;0;0;0;1;0;0;0;0;0;1;0;0;0;0;0
6376;2;;;;;;;;;;;;;;;;;;;;;;;;;;;;;;;;;;;;;
6377;2;1;2;1;;;;;;;;;;;;;;;;;;;;;;;;;;;;;;;;;;
6379;2;3;;2;26;7;0;0;0,0%;0,0%;0;0;0;0;0;0;0;0;0;0;0;0;0;0;0;0;0;0;0;0;0;0;0;0;0;0;0;0
6378;2;1;;2;21;60;0;2;0,0%;3,3%;0;0;0;0;0;0;0;0;0;0;0;0;0;0;0;0;0;1;0;1;0;0;0;0;0;0;0;0
6380;3;2;1;2;24;6;0;0;0,0%;0,0%;0;0;0;0;0;0;0;0;0;0;0;0;0;0;0;0;0;0;0;0;0;0;0;0;0;0;0;0
6381;3;3;;2;186;64;4;0;6,3%;0,0%;0;0;1;0;3;0;0;0;0;0;0;0;0;0;0;0;0;0;0;0;0;0;0;0;0;0;0;0
6386;2;2;;1;;;;;;;;;;;;;;;;;;;;;;;;;;;;;;;;;;
6383;2;2;2;1;108;238;4;2;1,7%;0,8%;1;0;0;0;1;2;0;0;0;0;0;0;0;0;0;0;0;0;0;0;0;0;2;0;0;0;0;0
6387;2;1;;1;152;76;1;4;1,3%;5,3%;0;0;0;0;0;1;0;0;0;0;0;0;0;0;0;0;0;1;1;0;0;0;0;2;0;0;0;0
6389;2;;;;;;;;;;;;;;;;;;;;;;;;;;;;;;;;;;;;;
6385;2;2;2;2;154;63;0;2;0,0%;3,2%;0;0;0;0;0;0;0;0;0;0;0;0;0;0;0;0;0;0;0;0;0;2;0;0;0;0;0;0
6391;2;3;1;1;28;11;0;2;0,0%;18,2%;0;0;0;0;0;0;0;0;0;0;0;0;0;0;0;0;0;1;0;0;1;0;0;0;0;0;0;0
6392;2;1;3;1;82;46;0;5;0,0%;10,9%;0;0;0;0;0;0;0;0;0;0;0;0;0;0;0;0;0;1;0;0;0;3;0;0;0;1;0;0
6395;2;2;1;2;189;61;0;0;0,0%;0,0%;0;0;0;0;0;0;0;0;0;0;0;0;0;0;0;0;0;0;0;0;0;0;0;0;0;0;0;0
6396;2;2;;1;;;;;;;;;;;;;;;;;;;;;;;;;;;;;;;;;;
6393;2;1;;1;99;71;1;1;1,4%;1,4%;1;0;0;0;0;0;0;0;0;0;0;0;0;0;0;0;0;0;0;0;0;1;0;0;0;0;0;0
6397;2;2;2;1;46;17;0;0;0,0%;0,0%;0;0;0;0;0;0;0;0;0;0;0;0;0;0;0;0;0;0;0;0;0;0;0;0;0;0;0;0
6399;2;1;2;2;339;999;35;23;3,5%;2,3%;5;1;2;2;5;2;6;1;6;0;2;1;2;0;0;2;1;2;0;0;0;8;1;4;0;4;1;0
6400;2;2;2;3;;;;;;;;;;;;;;;;;;;;;;;;;;;;;;;;;;
6401;2;3;1;2;91;276;5;14;1,8%;5,1%;2;1;1;0;1;0;0;0;0;0;0;0;0;0;0;0;3;0;0;0;1;4;0;5;0;1;0;0
6404;3;3;2;1;89;179;3;5;1,7%;2,8%;0;0;2;0;0;1;0;0;0;0;0;0;0;0;0;0;0;1;0;0;0;0;0;3;1;0;0;0
6409;2;2;3;1;;;;;;;;;;;;;;;;;;;;;;;;;;;;;;;;;;
6403;2;2;2;2;132;77;0;2;0,0%;2,6%;0;0;0;0;0;0;0;0;0;0;0;0;0;0;0;0;0;0;0;0;0;1;0;1;0;0;0;0
6406;2;2;1;1;217;100;11;0;11,0%;0,0%;5;0;1;1;0;0;1;0;0;0;0;1;2;0;0;0;0;0;0;0;0;0;0;0;0;0;0;0
6408;2;3;3;2;148;76;1;1;1,3%;1,3%;0;0;0;0;0;0;1;0;0;0;0;0;0;0;0;0;0;1;0;0;0;0;0;0;0;0;0;0
6407;2;3;3;2;93;14;0;0;0,0%;0,0%;0;0;0;0;0;0;0;0;0;0;0;0;0;0;0;0;0;0;0;0;0;0;0;0;0;0;0;0
6411;2;2;3;3;134;11;0;0;0,0%;0,0%;0;0;0;0;0;0;0;0;0;0;0;0;0;0;0;0;0;0;0;0;0;0;0;0;0;0;0;0
6405;2;2;3;1;106;61;1;2;1,6%;3,3%;0;0;0;0;0;0;0;0;1;0;0;0;0;0;0;0;0;0;0;0;0;1;0;0;1;0;0;0
6412;3;2;;3;92;47;2;11;4,3%;23,4%;0;0;0;0;0;0;0;0;0;0;0;1;1;0;0;0;0;1;0;2;0;1;1;5;0;1;0;0
6413;2;2;3;1;108;218;10;1;4,6%;0,5%;0;0;2;1;2;2;0;0;1;0;0;1;1;0;0;0;0;0;0;0;0;1;0;0;0;0;0;0
6410;2;1;3;2;27;60;10;2;16,7%;3,3%;0;1;0;0;1;0;0;1;0;0;1;4;2;0;0;0;0;0;0;0;1;0;0;1;0;0;0;0
6414;2;2;2;2;57;71;0;1;0,0%;1,4%;0;0;0;0;0;0;0;0;0;0;0;0;0;0;0;1;0;0;0;0;0;0;0;0;0;0;0;0
6415;2;2;3;1;76;58;1;2;1,7%;3,4%;0;0;0;0;0;0;1;0;0;0;0;0;0;0;0;0;1;0;0;0;1;0;0;0;0;0;0;0
6416;2;;;;;;;;;;;;;;;;;;;;;;;;;;;;;;;;;;;;;
6418;2;2;2;1;160;164;8;0;4,9%;0,0%;1;0;0;0;0;3;1;0;0;0;0;0;3;0;0;0;0;0;0;0;0;0;0;0;0;0;0;0
6417;2;1;1;1;1262;201;3;2;1,5%;1,0%;0;0;0;1;0;0;2;0;0;0;0;0;0;0;0;0;0;1;1;0;0;0;0;0;0;0;0;0
6419;2;3;2;3;;;;;;;;;;;;;;;;;;;;;;;;;;;;;;;;;;
6422;2;2;3;2;;;;;;;;;;;;;;;;;;;;;;;;;;;;;;;;;;
6421;3;;;;;;;;;;;;;;;;;;;;;;;;;;;;;;;;;;;;;
6425;2;3;3;2;70;19;0;6;0,0%;31,6%;0;0;0;0;0;0;0;0;0;0;0;0;0;0;0;1;0;0;0;0;0;2;0;3;0;0;0;0
6423;2;1;3;2;40;81;2;6;2,5%;7,4%;0;0;0;0;0;1;1;0;0;0;0;0;0;0;0;1;0;0;0;0;0;1;0;1;0;1;2;0
6437;2;2;1;1;262;985;15;25;1,5%;2,5%;4;0;0;0;6;3;2;0;0;0;0;0;0;0;0;0;0;3;0;0;0;15;1;1;1;3;1;0
6427;2;2;2;1;98;199;1;10;0,5%;5,0%;0;0;0;0;1;0;0;0;0;0;0;0;0;0;0;0;0;2;0;0;0;2;1;5;0;0;0;0
6438;1;2;2;2;71;49;0;0;0,0%;0,0%;0;0;0;0;0;0;0;0;0;0;0;0;0;0;0;0;0;0;0;0;0;0;0;0;0;0;0;0
6433;1;1;2;2;;;;;;;;;;;;;;;;;;;;;;;;;;;;;;;;;;
6424;2;2;2;2;54;13;0;0;0,0%;0,0%;0;0;0;0;0;0;0;0;0;0;0;0;0;0;0;0;0;0;0;0;0;0;0;0;0;0;0;0
6439;2;2;3;1;;;;;;;;;;;;;;;;;;;;;;;;;;;;;;;;;;
6434;2;2;1;3;135;101;1;0;1,0%;0,0%;1;0;0;0;0;0;0;0;0;0;0;0;0;0;0;0;0;0;0;0;0;0;0;0;0;0;0;0
6426;1;2;2;2;118;62;1;0;1,6%;0,0%;0;0;0;1;0;0;0;0;0;0;0;0;0;0;0;0;0;0;0;0;0;0;0;0;0;0;0;0
6435;2;1;2;3;44;10;0;0;0,0%;0,0%;0;0;0;0;0;0;0;0;0;0;0;0;0;0;0;0;0;0;0;0;0;0;0;0;0;0;0;0
6440;2;1;3;2;14;2;0;0;0,0%;0,0%;0;0;0;0;0;0;0;0;0;0;0;0;0;0;0;0;0;0;0;0;0;0;0;0;0;0;0;0
6436;2;1;2;1;;;;;;;;;;;;;;;;;;;;;;;;;;;;;;;;;;
6443;2;2;3;1;261;70;1;2;1,4%;2,9%;1;0;0;0;0;0;0;0;0;0;0;0;0;0;0;0;0;0;0;0;0;2;0;0;0;0;0;0
6428;2;1;2;2;101;216;3;23;1,4%;10,6%;1;0;0;0;0;2;0;0;0;0;0;0;0;0;0;1;1;0;0;1;0;7;0;9;0;3;1;0
6429;2;2;2;2;274;819;35;3;4,3%;0,4%;6;0;7;3;2;9;4;0;2;2;0;0;0;0;0;0;0;0;0;1;2;0;0;0;0;0;0;0
6430;2;2;3;2;;;;;;;;;;;;;;;;;;;;;;;;;;;;;;;;;;
6441;1;1;2;2;306;174;20;12;11,5%;6,9%;4;1;0;4;7;0;3;0;0;0;0;0;1;0;0;1;0;0;0;0;0;2;2;2;0;5;0;0
6444;2;2;3;2;79;997;53;47;5,3%;4,7%;7;7;1;6;12;2;16;0;1;0;1;0;0;0;0;1;1;4;0;3;4;14;1;10;2;4;3;0
6446;2;3;3;1;94;990;32;31;3,2%;3,1%;10;0;1;5;7;2;5;1;0;0;0;1;0;0;0;1;2;0;1;0;1;18;0;4;0;3;1;0
6447;2;1;3;3;177;524;18;30;3,4%;5,7%;3;0;1;5;7;1;1;0;0;0;0;0;0;0;0;3;0;3;0;4;2;16;0;1;0;0;1;0
6445;2;2;3;1;77;295;1;20;0,3%;6,8%;0;0;0;0;0;0;1;0;0;0;0;0;0;0;0;3;0;1;2;0;0;7;0;5;1;1;0;0
6432;2;2;2;2;0;0;0;0;0,0%;0,0%;0;0;0;0;0;0;0;0;0;0;0;0;0;0;0;0;0;0;0;0;0;0;0;0;0;0;0;0
6448;2;2;2;3;11;76;8;3;10,5%;3,9%;1;0;0;0;1;0;6;0;0;0;0;0;0;0;0;0;0;0;0;1;0;0;0;0;0;1;1;0
6449;2;1;3;2;163;116;6;2;5,2%;1,7%;1;0;0;0;2;0;2;0;0;0;0;0;1;0;0;0;0;0;0;0;0;2;0;0;0;0;0;0
6450;2;2;3;3;50;199;20;3;10,1%;1,5%;2;0;0;1;2;13;0;1;0;0;0;1;0;0;1;0;0;1;0;1;0;0;0;0;0;0;0;0
6451;2;2;3;3;62;44;1;0;2,3%;0,0%;0;0;0;0;0;1;0;0;0;0;0;0;0;0;0;0;0;0;0;0;0;0;0;0;0;0;0;0
6452;2;1;1;1;116;691;28;14;4,1%;2,0%;3;1;4;1;5;5;5;1;0;0;0;3;0;0;0;1;2;0;0;1;1;3;0;4;1;1;0;0
6453;2;1;;;97;69;3;2;4,3%;2,9%;0;0;1;0;0;0;0;0;0;0;0;2;0;0;0;0;0;0;0;0;0;0;0;1;0;1;0;0
6454;2;3;;1;119;50;0;0;0,0%;0,0%;0;0;0;0;0;0;0;0;0;0;0;0;0;0;0;0;0;0;0;0;0;0;0;0;0;0;0;0
6455;3;1;;2;140;151;1;3;0,7%;2,0%;0;0;0;1;0;0;0;0;0;0;0;0;0;0;0;0;0;0;0;0;1;0;0;1;1;0;0;0
6456;2;3;3;1;100;164;3;0;1,8%;0,0%;1;0;0;0;0;1;1;0;0;0;0;0;0;0;0;0;0;0;0;0;0;0;0;0;0;0;0;0
6459;2;2;1;1;248;156;1;0;0,6%;0,0%;0;0;1;0;0;0;0;0;0;0;0;0;0;0;0;0;0;0;0;0;0;0;0;0;0;0;0;0
6458;2;2;2;2;166;88;1;5;1,1%;5,7%;0;0;0;0;1;0;0;0;0;0;0;0;0;0;0;0;0;0;0;0;0;1;1;1;1;1;0;0
6299;2;2;2;1;143;53;0;1;0,0%;1,9%;0;0;0;0;0;0;0;0;0;0;0;0;0;0;0;0;0;1;0;0;0;0;0;0;0;0;0;0
6461;2;3;2;1;136;154;0;3;0,0%;1,9%;0;0;0;0;0;0;0;0;0;0;0;0;0;0;0;0;1;0;0;1;0;0;0;1;0;0;0;0
6460;3;;;;;;;;;;;;;;;;;;;;;;;;;;;;;;;;;;;;;
6462;2;1;1;1;341;155;21;0;13,5%;0,0%;0;1;6;2;4;4;1;0;1;1;1;0;0;0;0;0;0;0;0;0;0;0;0;0;0;0;0;0
6463;2;2;3;1;;;;;;;;;;;;;;;;;;;;;;;;;;;;;;;;;;
6470;2;1;2;1;153;25;2;0;8,0%;0,0%;0;0;0;2;0;0;0;0;0;0;0;0;0;0;0;0;0;0;0;0;0;0;0;0;0;0;0;0
6474;2;3;2;2;44;30;4;0;13,3%;0,0%;1;0;0;3;0;0;0;0;0;0;0;0;0;0;0;0;0;0;0;0;0;0;0;0;0;0;0;0
6473;2;1;3;1;37;70;7;0;10,0%;0,0%;0;0;0;3;1;1;2;0;0;0;0;0;0;0;0;0;0;0;0;0;0;0;0;0;0;0;0;0
6477;3;1;3;1;83;82;3;1;3,7%;1,2%;1;0;0;1;0;0;1;0;0;0;0;0;0;0;0;0;0;1;0;0;0;0;0;0;0;0;0;0
6476;1;1;3;2;44;78;1;7;1,3%;9,0%;0;0;0;0;0;0;0;0;0;0;0;0;0;1;0;0;1;0;0;0;1;1;2;0;0;2;0;0
6478;2;1;2;2;;;;;;;;;;;;;;;;;;;;;;;;;;;;;;;;;;
6471;2;2;2;2;45;33;0;3;0,0%;9,1%;0;0;0;0;0;0;0;0;0;0;0;0;0;0;0;0;0;0;0;0;3;0;0;0;0;0;0;0
6475;2;2;3;3;43;55;3;1;5,5%;1,8%;0;0;0;1;1;0;1;0;0;0;0;0;0;0;0;0;0;0;0;0;0;1;0;0;0;0;0;0
6481;2;3;3;2;144;800;8;17;1,0%;2,1%;1;0;0;2;0;0;0;2;0;2;0;0;1;0;0;0;1;2;1;0;3;0;2;8;0;0;0;0
6480;2;2;1;1;129;76;6;2;7,9%;2,6%;0;1;0;4;0;0;0;0;0;0;1;0;0;0;0;0;0;0;1;0;0;1;0;0;0;0;0;0
6468;3;3;1;2;26;3;0;0;0,0%;0,0%;0;0;0;0;0;0;0;0;0;0;0;0;0;0;0;0;0;0;0;0;0;0;0;0;0;0;0;0
6479;2;1;3;1;85;48;6;4;12,5%;8,3%;0;3;0;2;0;0;0;0;1;0;0;0;0;0;0;0;0;0;2;0;2;0;0;0;0;0;0;0
6483;3;3;2;2;124;30;2;0;6,7%;0,0%;1;0;0;0;0;0;0;0;1;0;0;0;0;0;0;0;0;0;0;0;0;0;0;0;0;0;0;0
6487;2;2;2;1;;;;;;;;;;;;;;;;;;;;;;;;;;;;;;;;;;
6489;2;2;1;2;54;60;0;12;0,0%;20,0%;0;0;0;0;0;0;0;0;0;0;0;0;0;0;0;0;1;0;0;0;0;3;2;3;0;1;2;0
6490;2;1;2;2;157;600;3;39;0,5%;6,5%;0;0;1;0;0;0;2;0;0;0;0;0;0;0;0;0;2;0;1;2;0;14;2;10;2;3;3;0
6500;1;2;2;1;84;155;2;1;1,3%;0,6%;0;0;0;0;0;2;0;0;0;0;0;0;0;0;0;0;0;0;0;0;0;0;0;1;0;0;0;0
6506;2;1;2;1;36;138;0;10;0,0%;7,2%;0;0;0;0;0;0;0;0;0;0;0;0;0;0;0;0;0;2;3;0;0;1;1;0;0;1;2;0
6488;2;1;2;2;;;;;;;;;;;;;;;;;;;;;;;;;;;;;;;;;;
6491;2;2;3;2;160;340;9;4;2,6%;1,2%;2;1;0;2;3;0;0;0;1;0;0;0;0;0;0;0;0;1;0;0;0;1;0;2;0;0;0;0
6467;3;1;2;2;211;52;0;2;0,0%;3,8%;0;0;0;0;0;0;0;0;0;0;0;0;0;0;0;1;0;0;0;1;0;0;0;0;0;0;0;0
6505;2;3;1;2;126;251;0;5;0,0%;2,0%;0;0;0;0;0;0;0;0;0;0;0;0;0;0;0;0;0;2;0;1;0;1;0;1;0;0;0;0
6498;2;2;3;1;272;163;2;4;1,2%;2,5%;0;0;0;0;1;1;0;0;0;0;0;0;0;0;0;0;0;0;0;0;0;0;0;4;0;0;0;0
6512;2;2;3;2;68;32;0;1;0,0%;3,1%;0;0;0;0;0;0;0;0;0;0;0;0;0;0;0;0;0;0;0;0;0;0;0;0;0;1;0;0
6501;3;3;2;3;41;20;0;0;0,0%;0,0%;0;0;0;0;0;0;0;0;0;0;0;0;0;0;0;0;0;0;0;0;0;0;0;0;0;0;0;0
6517;2;2;1;2;375;151;6;2;4,0%;1,3%;0;1;1;0;2;1;0;0;0;0;0;0;0;1;0;0;0;0;0;0;0;0;0;2;0;0;0;0
6496;2;2;2;1;190;267;0;23;0,0%;8,6%;0;0;0;0;0;0;0;0;0;0;0;0;0;0;0;2;3;2;1;5;0;3;3;3;0;1;0;0
6499;2;1;2;1;93;60;2;0;3,3%;0,0%;0;0;1;0;1;0;0;0;0;0;0;0;0;0;0;0;0;0;0;0;0;0;0;0;0;0;0;0
6486;1;3;3;2;123;106;4;1;3,8%;0,9%;0;0;0;0;4;0;0;0;0;0;0;0;0;0;0;0;0;0;0;0;0;1;0;0;0;0;0;0
6516;2;2;;;113;58;1;1;1,7%;1,7%;0;0;0;0;1;0;0;0;0;0;0;0;0;0;0;0;0;0;0;0;0;0;0;1;0;0;0;0
6531;2;1;2;1;95;41;3;4;7,3%;9,8%;0;0;0;2;0;0;1;0;0;0;0;0;0;0;0;0;1;0;0;0;1;1;0;0;0;0;1;0
6494;2;3;2;2;54;1;0;0;0,0%;0,0%;0;0;0;0;0;0;0;0;0;0;0;0;0;0;0;0;0;0;0;0;0;0;0;0;0;0;0;0
6514;2;1;3;1;;;;;;;;;;;;;;;;;;;;;;;;;;;;;;;;;;
6507;2;3;2;1;164;240;16;0;6,7%;0,0%;3;0;3;0;2;3;1;3;1;0;0;0;0;0;0;0;0;0;0;0;0;0;0;0;0;0;0;0
6508;3;3;1;2;;;;;;;;;;;;;;;;;;;;;;;;;;;;;;;;;;
6527;2;1;1;1;216;553;33;34;6,0%;6,1%;14;1;5;7;4;0;2;0;0;0;0;0;0;0;0;3;0;5;0;0;8;13;0;3;2;0;0;0
6519;2;1;3;3;271;58;0;0;0,0%;0,0%;0;0;0;0;0;0;0;0;0;0;0;0;0;0;0;0;0;0;0;0;0;0;0;0;0;0;0;0
6495;2;1;2;2;165;88;0;5;0,0%;5,7%;0;0;0;0;0;0;0;0;0;0;0;0;0;0;0;0;1;0;0;0;1;0;0;3;0;0;0;0
6523;2;1;3;2;41;74;0;7;0,0%;9,5%;0;0;0;0;0;0;0;0;0;0;0;0;0;0;0;0;0;0;0;1;0;6;0;0;0;0;0;0
6518;3;2;2;2;;;;;;;;;;;;;;;;;;;;;;;;;;;;;;;;;;
6529;3;2;3;2;133;29;2;0;6,9%;0,0%;0;0;2;0;0;0;0;0;0;0;0;0;0;0;0;0;0;0;0;0;0;0;0;0;0;0;0;0
6528;2;2;1;2;71;59;4;3;6,8%;5,1%;0;1;0;0;0;0;2;0;0;0;1;0;0;0;0;0;0;2;0;0;0;0;1;0;0;0;0;0
6503;2;2;2;1;80;132;5;1;3,8%;0,8%;1;0;0;3;0;0;0;0;0;0;0;0;1;0;0;0;0;0;1;0;0;0;0;0;0;0;0;0
6534;3;2;2;1;73;39;1;0;2,6%;0,0%;0;0;0;0;1;0;0;0;0;0;0;0;0;0;0;0;0;0;0;0;0;0;0;0;0;0;0;0
6497;2;2;2;1;23;2;0;0;0,0%;0,0%;0;0;0;0;0;0;0;0;0;0;0;0;0;0;0;0;0;0;0;0;0;0;0;0;0;0;0;0
6522;2;3;1;3;;;;;;;;;;;;;;;;;;;;;;;;;;;;;;;;;;
6524;2;2;3;2;;;;;;;;;;;;;;;;;;;;;;;;;;;;;;;;;;
6504;2;3;2;2;72;46;1;0;2,2%;0,0%;0;0;0;0;0;1;0;0;0;0;0;0;0;0;0;0;0;0;0;0;0;0;0;0;0;0;0;0
6511;3;1;2;1;94;3;0;0;0,0%;0,0%;0;0;0;0;0;0;0;0;0;0;0;0;0;0;0;0;0;0;0;0;0;0;0;0;0;0;0;0
6513;2;3;2;2;4;4;0;0;0,0%;0,0%;0;0;0;0;0;0;0;0;0;0;0;0;0;0;0;0;0;0;0;0;0;0;0;0;0;0;0;0
6509;2;2;2;2;57;140;0;6;0,0%;4,3%;0;0;0;0;0;0;0;0;0;0;0;0;0;0;0;0;0;0;0;0;0;3;0;3;0;0;0;0
6535;2;;;;;;;;;;;;;;;;;;;;;;;;;;;;;;;;;;;;;
6492;2;2;3;3;244;79;8;0;10,1%;0,0%;2;0;2;1;0;1;0;0;1;0;0;0;1;0;0;0;0;0;0;0;0;0;0;0;0;0;0;0
6521;2;3;3;2;;;;;;;;;;;;;;;;;;;;;;;;;;;;;;;;;;
6515;2;2;1;2;1226;19;1;0;5,3%;0,0%;1;0;0;0;0;0;0;0;0;0;0;0;0;0;0;0;0;0;0;0;0;0;0;0;0;0;0;0
6536;3;3;3;2;36;19;1;0;5,3%;0,0%;0;0;0;0;0;0;1;0;0;0;0;0;0;0;0;0;0;0;0;0;0;0;0;0;0;0;0;0
6510;2;1;;1;51;21;0;0;0,0%;0,0%;0;0;0;0;0;0;0;0;0;0;0;0;0;0;0;0;0;0;0;0;0;0;0;0;0;0;0;0
6526;2;2;2;1;125;54;1;0;1,9%;0,0%;0;0;0;0;1;0;0;0;0;0;0;0;0;0;0;0;0;0;0;0;0;0;0;0;0;0;0;0
6539;2;3;3;2;42;481;17;16;3,5%;3,3%;8;1;1;1;2;0;3;0;0;0;0;0;0;1;0;0;2;1;0;2;0;9;0;0;1;1;0;0
6537;2;2;2;2;;;;;;;;;;;;;;;;;;;;;;;;;;;;;;;;;;
6525;2;3;1;2;39;58;4;1;6,9%;1,7%;2;0;0;2;0;0;0;0;0;0;0;0;0;0;0;0;0;0;0;0;1;0;0;0;0;0;0;0
6538;2;3;2;2;;;;;;;;;;;;;;;;;;;;;;;;;;;;;;;;;;
6520;3;2;2;1;83;158;0;1;0,0%;0,6%;0;0;0;0;0;0;0;0;0;0;0;0;0;0;0;0;0;1;0;0;0;0;0;0;0;0;0;0
6541;1;2;1;3;165;239;7;6;2,9%;2,5%;1;0;0;2;0;2;1;1;0;0;0;0;0;0;0;1;0;1;0;2;0;1;0;0;0;1;0;0
6542;3;2;2;2;236;0;0;0;0,0%;0,0%;0;0;0;0;0;0;0;0;0;0;0;0;0;0;0;0;0;0;0;0;0;0;0;0;0;0;0;0
6532;3;3;2;1;51;8;0;0;0,0%;0,0%;0;0;0;0;0;0;0;0;0;0;0;0;0;0;0;0;0;0;0;0;0;0;0;0;0;0;0;0
6530;2;2;3;1;302;311;7;2;2,3%;0,6%;0;0;2;0;2;2;0;0;1;0;0;0;0;0;0;0;0;0;0;0;0;0;0;1;0;0;1;0
6472;2;1;1;2;116;53;1;0;1,9%;0,0%;0;0;0;0;1;0;0;0;0;0;0;0;0;0;0;0;0;0;0;0;0;0;0;0;0;0;0;0
6502;2;3;1;2;;;;;;;;;;;;;;;;;;;;;;;;;;;;;;;;;;
6543;2;3;1;2;;;;;;;;;;;;;;;;;;;;;;;;;;;;;;;;;;
6544;2;1;2;3;;;;;;;;;;;;;;;;;;;;;;;;;;;;;;;;;;
6493;2;3;1;3;107;61;0;1;0,0%;1,6%;0;0;0;0;0;0;0;0;0;0;0;0;0;0;0;0;0;0;0;0;0;0;0;0;0;1;0;0
6546;2;2;1;2;138;107;0;3;0,0%;2,8%;0;0;0;0;0;0;0;0;0;0;0;0;0;0;0;0;0;0;0;0;0;0;0;3;0;0;0;0
6545;2;2;1;2;120;209;5;5;2,4%;2,4%;0;0;0;1;0;1;0;0;0;0;2;0;1;0;0;0;0;4;0;0;0;0;0;0;0;1;0;0
6553;2;3;2;2;;;;;;;;;;;;;;;;;;;;;;;;;;;;;;;;;;
6550;2;3;3;1;;;;;;;;;;;;;;;;;;;;;;;;;;;;;;;;;;
6563;2;2;2;2;74;582;13;34;2,2%;5,8%;1;0;1;0;2;2;0;1;0;0;3;2;1;0;0;0;3;3;5;0;6;1;3;9;0;3;1;0
6559;2;3;3;2;202;322;4;35;1,2%;10,9%;0;0;2;0;1;0;0;1;0;0;0;0;0;0;0;2;1;3;0;1;0;11;3;6;3;4;1;0
6557;2;3;3;1;29;1;0;0;0,0%;0,0%;0;0;0;0;0;0;0;0;0;0;0;0;0;0;0;0;0;0;0;0;0;0;0;0;0;0;0;0
6551;2;3;1;1;;;;;;;;;;;;;;;;;;;;;;;;;;;;;;;;;;
6562;2;2;2;2;144;29;1;0;3,4%;0,0%;0;0;0;0;0;1;0;0;0;0;0;0;0;0;0;0;0;0;0;0;0;0;0;0;0;0;0;0
6561;2;3;2;1;196;146;4;2;2,7%;1,4%;0;0;0;0;3;1;0;0;0;0;0;0;0;0;0;0;0;0;0;0;0;1;0;1;0;0;0;0
6556;2;3;3;3;;;;;;;;;;;;;;;;;;;;;;;;;;;;;;;;;;
6552;2;2;2;1;143;77;3;1;3,9%;1,3%;0;0;0;0;1;1;1;0;0;0;0;0;0;0;0;0;0;0;0;0;0;0;0;1;0;0;0;0
6560;2;3;1;2;25;1;0;0;0,0%;0,0%;0;0;0;0;0;0;0;0;0;0;0;0;0;0;0;0;0;0;0;0;0;0;0;0;0;0;0;0
6565;2;1;2;1;39;128;1;5;0,8%;3,9%;0;0;0;1;0;0;0;0;0;0;0;0;0;0;0;0;0;0;2;0;0;0;1;2;0;0;0;0
6567;2;3;3;1;100;495;11;6;2,2%;1,2%;3;0;0;0;1;5;1;0;0;0;0;0;1;0;1;0;0;0;0;0;0;0;0;4;0;1;0;0
6554;1;2;1;1;139;106;1;0;0,9%;0,0%;1;0;0;0;0;0;0;0;0;0;0;0;0;0;0;0;0;0;0;0;0;0;0;0;0;0;0;0
6568;2;2;1;2;187;92;2;1;2,2%;1,1%;0;0;0;2;0;0;0;0;0;0;0;0;0;0;0;0;0;0;0;0;0;0;0;1;0;0;0;0
6564;1;;;;;;;;;;;;;;;;;;;;;;;;;;;;;;;;;;;;;
6570;2;2;2;2;402;378;11;13;2,9%;3,4%;0;1;1;3;2;2;0;0;0;0;0;0;2;0;0;0;2;2;0;0;0;1;0;7;0;1;0;0
6549;2;2;1;2;;;;;;;;;;;;;;;;;;;;;;;;;;;;;;;;;;
6555;2;1;3;2;;;;;;;;;;;;;;;;;;;;;;;;;;;;;;;;;;
6558;2;2;2;2;;;;;;;;;;;;;;;;;;;;;;;;;;;;;;;;;;
6548;3;2;2;3;;;;;;;;;;;;;;;;;;;;;;;;;;;;;;;;;;
6569;1;1;3;3;282;436;21;2;4,8%;0,5%;5;0;3;0;5;0;1;1;0;0;0;4;2;0;0;2;0;0;0;0;0;0;0;0;0;0;0;0
6547;3;2;2;3;123;177;2;6;1,1%;3,4%;0;0;0;0;0;2;0;0;0;0;0;0;0;0;0;0;0;0;0;0;0;3;1;1;1;0;0;0
6566;2;2;2;1;66;59;5;2;8,5%;3,4%;0;1;1;0;1;2;0;0;0;0;0;0;0;0;0;0;0;1;0;0;0;1;0;0;0;0;0;0
6485;2;1;2;2;79;21;3;0;14,3%;0,0%;0;2;0;1;0;0;0;0;0;0;0;0;0;0;0;0;0;0;0;0;0;0;0;0;0;0;0;0
6573;2;3;1;1;116;123;7;3;5,7%;2,4%;2;0;0;2;1;0;1;0;0;0;1;0;0;0;0;0;0;0;0;0;1;1;0;1;0;0;0;0
6574;2;3;2;1;200;125;3;0;2,4%;0,0%;1;0;1;1;0;0;0;0;0;0;0;0;0;0;0;0;0;0;0;0;0;0;0;0;0;0;0;0
6575;2;;;;;;;;;;;;;;;;;;;;;;;;;;;;;;;;;;;;;
6571;2;2;1;1;59;1;0;0;0,0%;0,0%;0;0;0;0;0;0;0;0;0;0;0;0;0;0;0;0;0;0;0;0;0;0;0;0;0;0;0;0
6577;3;1;;3;43;14;0;0;0,0%;0,0%;0;0;0;0;0;0;0;0;0;0;0;0;0;0;0;0;0;0;0;0;0;0;0;0;0;0;0;0
6540;2;2;2;3;;;;;;;;;;;;;;;;;;;;;;;;;;;;;;;;;;
6576;1;2;2;2;;;;;;;;;;;;;;;;;;;;;;;;;;;;;;;;;;
6579;1;2;3;2;100;190;18;3;9,5%;1,6%;1;1;1;0;0;2;3;6;0;1;0;2;1;0;0;0;1;1;0;0;0;1;0;0;0;0;0;0
6581;3;2;1;3;76;12;1;0;8,3%;0,0%;0;0;0;0;0;0;0;0;0;0;1;0;0;0;0;0;0;0;0;0;0;0;0;0;0;0;0;0
6582;2;1;1;2;20;22;0;0;0,0%;0,0%;0;0;0;0;0;0;0;0;0;0;0;0;0;0;0;0;0;0;0;0;0;0;0;0;0;0;0;0
6465;2;3;3;2;89;41;19;0;46,3%;0,0%;0;0;1;0;0;11;6;0;1;0;0;0;0;0;0;0;0;0;0;0;0;0;0;0;0;0;0;0
6466;2;2;1;1;79;91;28;0;30,8%;0,0%;0;0;1;1;2;16;6;0;1;0;1;0;0;0;0;0;0;0;0;0;0;0;0;0;0;0;0;0
6583;2;3;2;1;58;39;1;1;2,6%;2,6%;0;0;0;0;0;0;0;0;1;0;0;0;0;0;0;0;0;0;0;0;0;1;0;0;0;0;0;0
6585;2;3;2;1;128;94;3;1;3,2%;1,1%;0;0;1;1;0;0;0;0;0;0;1;0;0;0;0;0;0;1;0;0;0;0;0;0;0;0;0;0
6586;2;2;2;1;367;118;2;3;1,7%;2,5%;0;0;0;1;0;1;0;0;0;0;0;0;0;0;0;0;0;0;2;0;1;0;0;0;0;0;0;0
6587;2;2;2;1;;;;;;;;;;;;;;;;;;;;;;;;;;;;;;;;;;
6588;2;1;3;3;45;0;0;0;0,0%;0,0%;0;0;0;0;0;0;0;0;0;0;0;0;0;0;0;0;0;0;0;0;0;0;0;0;0;0;0;0
6589;2;2;1;2;16;3;0;0;0,0%;0,0%;0;0;0;0;0;0;0;0;0;0;0;0;0;0;0;0;0;0;0;0;0;0;0;0;0;0;0;0
6590;2;1;1;1;;;;;;;;;;;;;;;;;;;;;;;;;;;;;;;;;;
6591;2;2;2;3;184;171;4;2;2,3%;1,2%;0;0;0;1;1;1;0;0;1;0;0;0;0;0;0;1;0;0;0;0;0;1;0;0;0;0;0;0
6592;2;;;;;;;;;;;;;;;;;;;;;;;;;;;;;;;;;;;;;
6593;2;1;3;2;91;35;0;1;0,0%;2,9%;0;0;0;0;0;0;0;0;0;0;0;0;0;0;0;0;0;0;0;0;0;0;0;1;0;0;0;0
6594;2;2;2;1;135;464;3;1;0,6%;0,2%;0;0;1;0;2;0;0;0;0;0;0;0;0;0;0;1;0;0;0;0;0;0;0;0;0;0;0;0
6584;2;3;2;2;;;;;;;;;;;;;;;;;;;;;;;;;;;;;;;;;;
6390;2;;;;;;;;;;;;;;;;;;;;;;;;;;;;;;;;;;;;;
6596;2;1;2;2;34;0;0;0;0,0%;0,0%;0;0;0;0;0;0;0;0;0;0;0;0;0;0;0;0;0;0;0;0;0;0;0;0;0;0;0;0
6597;3;2;1;3;;;;;;;;;;;;;;;;;;;;;;;;;;;;;;;;;;
6595;2;1;2;1;90;50;1;4;2,0%;8,0%;0;0;0;1;0;0;0;0;0;0;0;0;0;0;0;1;0;1;0;0;0;2;0;0;0;0;0;0
6598;2;2;;1;15;58;0;1;0,0%;1,7%;0;0;0;0;0;0;0;0;0;0;0;0;0;0;0;0;0;0;0;0;0;0;0;1;0;0;0;0
6599;3;1;2;1;64;38;1;0;2,6%;0,0%;0;0;0;1;0;0;0;0;0;0;0;0;0;0;0;0;0;0;0;0;0;0;0;0;0;0;0;0
6600;2;;;;;;;;;;;;;;;;;;;;;;;;;;;;;;;;;;;;;
6603;3;2;3;1;92;83;0;0;0,0%;0,0%;0;0;0;0;0;0;0;0;0;0;0;0;0;0;0;0;0;0;0;0;0;0;0;0;0;0;0;0
6602;2;3;3;1;118;48;0;2;0,0%;4,2%;0;0;0;0;0;0;0;0;0;0;0;0;0;0;0;0;0;0;0;0;0;0;0;2;0;0;0;0
6601;2;3;;3;;;;;;;;;;;;;;;;;;;;;;;;;;;;;;;;;;
6604;2;2;3;2;133;36;3;1;8,3%;2,8%;0;0;0;0;0;1;2;0;0;0;0;0;0;0;0;0;0;0;0;0;0;1;0;0;0;0;0;0
6608;2;2;1;1;78;67;3;1;4,5%;1,5%;2;0;0;0;0;1;0;0;0;0;0;0;0;0;0;0;0;0;0;0;0;1;0;0;0;0;0;0
6609;2;2;3;2;336;65;2;0;3,1%;0,0%;0;0;0;0;1;1;0;0;0;0;0;0;0;0;0;0;0;0;0;0;0;0;0;0;0;0;0;0
6610;2;1;2;2;;;;;;;;;;;;;;;;;;;;;;;;;;;;;;;;;;
6612;2;2;1;2;;;;;;;;;;;;;;;;;;;;;;;;;;;;;;;;;;
6616;2;2;2;3;247;335;14;8;4,2%;2,4%;1;0;0;0;4;3;2;0;1;2;0;0;1;0;0;0;0;1;0;0;1;5;0;1;0;0;0;0
6613;2;1;;2;178;445;8;2;1,8%;0,4%;3;0;2;0;1;2;0;0;0;0;0;0;0;0;0;0;1;0;0;0;0;0;0;1;0;0;0;0
6617;2;2;;3;69;107;1;9;0,9%;8,4%;0;0;0;0;0;0;0;1;0;0;0;0;0;0;0;0;0;2;0;1;0;2;0;4;0;0;0;0
6619;2;2;2;2;121;64;0;2;0,0%;3,1%;0;0;0;0;0;0;0;0;0;0;0;0;0;0;0;0;0;0;0;0;0;0;2;0;0;0;0;0
6620;2;3;2;2;159;132;4;5;3,0%;3,8%;0;0;0;0;0;1;0;0;1;0;0;2;0;0;0;2;0;0;0;1;0;0;0;2;0;0;0;0
6615;2;2;3;1;143;219;11;2;5,0%;0,9%;1;0;0;2;0;2;0;3;1;0;0;1;1;0;0;0;0;0;0;0;0;1;0;1;0;0;0;0
6618;2;3;;2;189;120;1;0;0,8%;0,0%;0;0;0;1;0;0;0;0;0;0;0;0;0;0;0;0;0;0;0;0;0;0;0;0;0;0;0;0
6621;3;2;2;1;197;343;3;30;0,9%;8,7%;0;0;0;0;0;1;0;0;0;0;0;2;0;0;0;0;0;0;0;4;0;13;1;6;1;4;1;0
6623;1;2;3;1;219;251;7;25;2,8%;10,0%;0;0;0;0;4;0;0;0;0;0;1;2;0;0;0;1;0;3;0;1;0;7;1;5;1;6;0;0
6626;2;2;2;2;301;549;14;11;2,6%;2,0%;4;0;0;2;0;2;0;0;0;3;0;1;2;0;0;0;0;3;3;0;0;2;1;1;0;1;0;0
6625;2;2;3;1;;;;;;;;;;;;;;;;;;;;;;;;;;;;;;;;;;
6630;2;2;3;2;347;95;4;0;4,2%;0,0%;0;0;0;0;0;0;0;0;0;0;0;0;4;0;0;0;0;0;0;0;0;0;0;0;0;0;0;0
6627;3;2;2;2;101;185;6;7;3,2%;3,8%;0;0;0;0;0;1;0;0;0;0;0;1;4;0;0;1;0;0;0;1;0;1;0;2;0;2;0;0
6635;2;2;2;2;147;75;4;0;5,3%;0,0%;1;0;0;2;0;1;0;0;0;0;0;0;0;0;0;0;0;0;0;0;0;0;0;0;0;0;0;0
6644;2;2;1;3;133;33;2;1;6,1%;3,0%;0;0;0;0;0;0;0;0;0;0;0;0;2;0;0;0;0;0;0;0;0;1;0;0;0;0;0;0
6637;2;;;;;;;;;;;;;;;;;;;;;;;;;;;;;;;;;;;;;
6640;3;1;2;2;130;27;3;0;11,1%;0,0%;0;0;0;0;0;0;0;0;0;0;0;1;2;0;0;0;0;0;0;0;0;0;0;0;0;0;0;0
6641;2;2;3;2;190;120;1;2;0,8%;1,7%;0;0;1;0;0;0;0;0;0;0;0;0;0;0;0;0;0;0;0;0;0;1;0;0;1;0;0;0
6642;2;2;1;3;143;686;9;29;1,3%;4,2%;1;0;0;1;2;2;1;0;0;0;0;2;0;0;0;0;1;1;0;3;0;5;0;17;1;0;1;0
6634;2;2;1;3;87;1031;11;27;1,1%;2,6%;1;1;1;0;4;1;2;0;0;0;0;1;0;0;0;0;6;0;1;0;0;7;2;6;0;4;1;0
6646;2;1;2;2;35;28;4;1;14,3%;3,6%;0;0;0;0;0;3;1;0;0;0;0;0;0;0;0;0;0;0;0;0;0;0;1;0;0;0;0;0
6648;2;2;3;2;35;45;0;2;0,0%;4,4%;0;0;0;0;0;0;0;0;0;0;0;0;0;0;0;0;0;0;0;0;0;0;2;0;0;0;0;0
6638;2;3;;2;298;309;2;0;0,6%;0,0%;0;0;0;0;0;1;0;0;1;0;0;0;0;0;0;0;0;0;0;0;0;0;0;0;0;0;0;0
6420;2;2;3;3;241;213;6;3;2,8%;1,4%;0;0;0;0;3;0;1;0;0;0;0;1;1;0;0;0;1;0;0;0;0;1;0;0;0;0;1;0
6643;2;3;2;2;61;28;1;0;3,6%;0,0%;0;0;0;0;1;0;0;0;0;0;0;0;0;0;0;0;0;0;0;0;0;0;0;0;0;0;0;0
6654;2;3;2;1;97;19;0;1;0,0%;5,3%;0;0;0;0;0;0;0;0;0;0;0;0;0;0;0;0;0;0;0;0;0;0;0;0;0;1;0;0
6657;3;1;2;1;134;61;1;0;1,6%;0,0%;0;0;0;0;0;0;0;0;0;0;0;1;0;0;0;0;0;0;0;0;0;0;0;0;0;0;0;0
6653;2;;;;;;;;;;;;;;;;;;;;;;;;;;;;;;;;;;;;;
6647;2;;;;;;;;;;;;;;;;;;;;;;;;;;;;;;;;;;;;;
6656;2;2;2;3;306;260;9;4;3,5%;1,5%;1;0;1;0;1;0;1;0;0;0;1;2;2;0;0;0;0;1;0;0;0;1;2;0;0;0;0;0
6660;2;3;3;2;;;;;;;;;;;;;;;;;;;;;;;;;;;;;;;;;;
6662;2;3;2;2;402;579;9;10;1,6%;1,7%;4;1;0;0;0;2;1;0;0;1;0;0;0;0;0;0;2;0;0;1;0;3;2;1;0;1;0;0
6663;3;2;2;2;139;22;3;1;13,6%;4,5%;0;0;0;0;0;3;0;0;0;0;0;0;0;0;0;0;0;0;0;0;0;0;0;0;1;0;0;0
6655;2;;;;;;;;;;;;;;;;;;;;;;;;;;;;;;;;;;;;;
6669;2;1;2;2;;;;;;;;;;;;;;;;;;;;;;;;;;;;;;;;;;
6652;2;;;;;;;;;;;;;;;;;;;;;;;;;;;;;;;;;;;;;
6684;2;2;2;2;;;;;;;;;;;;;;;;;;;;;;;;;;;;;;;;;;
6681;2;2;2;3;67;33;0;0;0,0%;0,0%;0;0;0;0;0;0;0;0;0;0;0;0;0;0;0;0;0;0;0;0;0;0;0;0;0;0;0;0
6678;2;1;1;3;207;144;6;3;4,2%;2,1%;2;0;0;1;1;1;0;0;0;0;0;0;1;0;0;0;1;1;0;0;0;1;0;0;0;0;0;0
6679;2;2;2;1;83;33;0;2;0,0%;6,1%;0;0;0;0;0;0;0;0;0;0;0;0;0;0;0;0;0;1;0;0;0;0;0;0;0;1;0;0
6683;3;2;2;1;;;;;;;;;;;;;;;;;;;;;;;;;;;;;;;;;;
6686;1;3;2;2;110;651;8;11;1,2%;1,7%;4;0;1;0;2;0;1;0;0;0;0;0;0;0;0;0;0;1;0;2;0;3;0;5;0;0;0;0
6672;2;2;2;2;;;;;;;;;;;;;;;;;;;;;;;;;;;;;;;;;;
6708;2;2;3;1;;;;;;;;;;;;;;;;;;;;;;;;;;;;;;;;;;
6671;2;2;3;1;228;172;10;5;5,8%;2,9%;0;0;1;0;2;0;1;1;0;5;0;0;0;0;0;0;0;0;2;0;1;1;0;1;0;0;0;0
6693;2;2;1;3;;;;;;;;;;;;;;;;;;;;;;;;;;;;;;;;;;
6694;2;2;2;2;41;25;0;1;0,0%;4,0%;0;0;0;0;0;0;0;0;0;0;0;0;0;0;0;0;0;0;0;0;0;0;1;0;0;0;0;0
6688;1;2;3;1;148;646;2;10;0,3%;1,5%;0;0;0;0;1;0;1;0;0;0;0;0;0;0;0;0;1;0;0;2;0;4;1;1;0;0;1;0
6692;3;1;2;2;115;19;0;0;0,0%;0,0%;0;0;0;0;0;0;0;0;0;0;0;0;0;0;0;0;0;0;0;0;0;0;0;0;0;0;0;0
6682;1;3;2;2;123;212;8;6;3,8%;2,8%;2;0;0;0;1;1;0;0;0;0;0;0;0;4;0;0;0;1;0;1;0;1;1;1;0;1;0;0
6670;2;2;3;1;47;2;0;0;0,0%;0,0%;0;0;0;0;0;0;0;0;0;0;0;0;0;0;0;0;0;0;0;0;0;0;0;0;0;0;0;0
6705;2;1;1;2;123;228;7;27;3,1%;11,8%;0;0;0;0;1;3;1;0;0;0;0;0;2;0;0;5;0;0;0;1;0;10;1;5;0;3;2;0
6707;2;2;1;1;222;6;0;0;0,0%;0,0%;0;0;0;0;0;0;0;0;0;0;0;0;0;0;0;0;0;0;0;0;0;0;0;0;0;0;0;0
6697;2;3;3;1;;;;;;;;;;;;;;;;;;;;;;;;;;;;;;;;;;
6677;2;3;2;3;;;;;;;;;;;;;;;;;;;;;;;;;;;;;;;;;;
6685;2;1;3;3;78;33;0;3;0,0%;9,1%;0;0;0;0;0;0;0;0;0;0;0;0;0;0;0;2;0;0;0;0;0;0;1;0;0;0;0;0
6713;2;2;3;2;104;58;1;2;1,7%;3,4%;0;0;0;0;0;0;0;0;0;1;0;0;0;0;0;0;1;1;0;0;0;0;0;0;0;0;0;0
6701;2;3;2;3;;;;;;;;;;;;;;;;;;;;;;;;;;;;;;;;;;
6709;2;2;2;1;39;0;0;0;0,0%;0,0%;0;0;0;0;0;0;0;0;0;0;0;0;0;0;0;0;0;0;0;0;0;0;0;0;0;0;0;0
6712;3;2;2;2;;;;;;;;;;;;;;;;;;;;;;;;;;;;;;;;;;
6703;1;2;3;1;92;9;0;0;0,0%;0,0%;0;0;0;0;0;0;0;0;0;0;0;0;0;0;0;0;0;0;0;0;0;0;0;0;0;0;0;0
6702;2;2;3;2;;;;;;;;;;;;;;;;;;;;;;;;;;;;;;;;;;
6695;2;1;2;2;;;;;;;;;;;;;;;;;;;;;;;;;;;;;;;;;;
6698;2;3;2;2;;;;;;;;;;;;;;;;;;;;;;;;;;;;;;;;;;
6676;2;2;3;2;128;22;0;0;0,0%;0,0%;0;0;0;0;0;0;0;0;0;0;0;0;0;0;0;0;0;0;0;0;0;0;0;0;0;0;0;0
6716;2;3;1;3;183;82;1;1;1,2%;1,2%;0;0;0;0;1;0;0;0;0;0;0;0;0;0;0;0;0;0;0;0;0;1;0;0;0;0;0;0
6689;2;3;3;1;172;52;1;2;1,9%;3,8%;1;0;0;0;0;0;0;0;0;0;0;0;0;0;0;1;0;0;0;0;0;0;0;0;0;1;0;0
6719;2;3;3;2;44;10;0;1;0,0%;10,0%;0;0;0;0;0;0;0;0;0;0;0;0;0;0;0;0;1;0;0;0;0;0;0;0;0;0;0;0
6711;2;2;1;3;65;38;0;0;0,0%;0,0%;0;0;0;0;0;0;0;0;0;0;0;0;0;0;0;0;0;0;0;0;0;0;0;0;0;0;0;0
6680;2;1;2;1;131;23;1;0;4,3%;0,0%;0;0;0;0;0;0;0;0;0;1;0;0;0;0;0;0;0;0;0;0;0;0;0;0;0;0;0;0
6674;2;1;2;2;69;8;0;0;0,0%;0,0%;0;0;0;0;0;0;0;0;0;0;0;0;0;0;0;0;0;0;0;0;0;0;0;0;0;0;0;0
6690;3;3;1;1;182;279;12;20;4,3%;7,2%;1;0;1;1;2;1;0;1;0;4;0;0;1;0;0;0;1;1;5;0;2;2;1;7;0;1;0;0
6718;2;2;3;2;20;61;0;4;0,0%;6,6%;0;0;0;0;0;0;0;0;0;0;0;0;0;0;0;1;1;0;0;0;0;2;0;0;0;0;0;0
6696;2;2;1;1;;;;;;;;;;;;;;;;;;;;;;;;;;;;;;;;;;
6714;2;3;2;2;216;21;3;0;14,3%;0,0%;0;0;0;0;0;0;1;0;0;2;0;0;0;0;0;0;0;0;0;0;0;0;0;0;0;0;0;0
6706;3;2;2;3;189;101;8;1;7,9%;1,0%;1;0;1;0;0;0;0;0;0;5;0;0;1;0;0;0;0;0;0;0;0;0;0;0;0;1;0;0
6699;2;2;2;2;;;;;;;;;;;;;;;;;;;;;;;;;;;;;;;;;;
6700;2;1;2;3;;;;;;;;;;;;;;;;;;;;;;;;;;;;;;;;;;
6675;2;2;3;2;61;14;0;0;0,0%;0,0%;0;0;0;0;0;0;0;0;0;0;0;0;0;0;0;0;0;0;0;0;0;0;0;0;0;0;0;0
6723;3;3;1;1;133;42;0;0;0,0%;0,0%;0;0;0;0;0;0;0;0;0;0;0;0;0;0;0;0;0;0;0;0;0;0;0;0;0;0;0;0
6704;2;2;2;2;43;0;0;0;0,0%;0,0%;0;0;0;0;0;0;0;0;0;0;0;0;0;0;0;0;0;0;0;0;0;0;0;0;0;0;0;0
6720;2;1;3;2;28;8;0;0;0,0%;0,0%;0;0;0;0;0;0;0;0;0;0;0;0;0;0;0;0;0;0;0;0;0;0;0;0;0;0;0;0
6691;2;1;1;2;163;181;1;36;0,6%;19,9%;0;0;1;0;0;0;0;0;0;0;0;0;0;0;0;7;2;0;0;0;0;14;0;3;2;7;1;0
6687;2;2;2;2;69;147;1;6;0,7%;4,1%;0;0;0;0;0;1;0;0;0;0;0;0;0;0;0;1;2;1;0;2;0;0;0;0;0;0;0;0
6673;3;1;3;2;;;;;;;;;;;;;;;;;;;;;;;;;;;;;;;;;;
6724;2;3;2;1;162;397;3;18;0,8%;4,5%;0;0;0;1;0;0;1;0;0;0;0;0;1;0;0;2;1;1;1;2;1;1;2;4;0;3;0;0
6726;2;2;2;2;110;127;1;7;0,8%;5,5%;0;0;0;0;1;0;0;0;0;0;0;0;0;0;0;0;0;0;0;0;0;4;1;1;0;1;0;0
6725;1;2;2;2;;;;;;;;;;;;;;;;;;;;;;;;;;;;;;;;;;
6721;3;2;2;2;55;136;1;0;0,7%;0,0%;0;0;0;0;0;0;0;0;0;0;1;0;0;0;0;0;0;0;0;0;0;0;0;0;0;0;0;0
6727;2;1;3;2;;;;;;;;;;;;;;;;;;;;;;;;;;;;;;;;;;
6728;2;2;3;2;75;63;1;3;1,6%;4,8%;0;0;0;0;0;0;0;0;0;0;0;1;0;0;0;0;0;2;1;0;0;0;0;0;0;0;0;0
6729;2;1;2;3;104;45;0;4;0,0%;8,9%;0;0;0;0;0;0;0;0;0;0;0;0;0;0;0;0;0;0;1;0;0;0;0;3;0;0;0;0
6730;2;2;2;2;216;101;6;2;5,9%;2,0%;1;0;1;0;2;0;2;0;0;0;0;0;0;0;0;0;0;0;0;0;0;2;0;0;0;0;0;0
6733;3;2;;3;618;61;4;2;6,6%;3,3%;2;0;0;0;0;2;0;0;0;0;0;0;0;0;0;0;0;0;0;0;0;0;0;2;0;0;0;0
6715;2;2;;1;178;69;0;4;0,0%;5,8%;0;0;0;0;0;0;0;0;0;0;0;0;0;0;0;0;0;2;0;0;0;1;1;0;0;0;0;0
6736;1;2;3;3;182;46;0;3;0,0%;6,5%;0;0;0;0;0;0;0;0;0;0;0;0;0;0;0;1;0;1;0;0;0;0;1;0;0;0;0;0
6737;2;2;2;2;32;2;0;0;0,0%;0,0%;0;0;0;0;0;0;0;0;0;0;0;0;0;0;0;0;0;0;0;0;0;0;0;0;0;0;0;0
6734;3;1;1;2;102;15;1;0;6,7%;0,0%;0;0;0;0;0;0;0;0;0;0;0;1;0;0;0;0;0;0;0;0;0;0;0;0;0;0;0;0
6738;2;1;3;1;578;56;1;4;1,8%;7,1%;0;0;0;0;0;1;0;0;0;0;0;0;0;0;0;0;0;0;0;0;0;1;2;1;0;0;0;0
6743;2;1;2;1;;;;;;;;;;;;;;;;;;;;;;;;;;;;;;;;;;
6744;2;2;1;2;120;70;0;3;0,0%;4,3%;0;0;0;0;0;0;0;0;0;0;0;0;0;0;0;0;0;0;0;0;0;2;0;1;0;0;0;0
6607;2;;;;;;;;;;;;;;;;;;;;;;;;;;;;;;;;;;;;;
6746;2;1;3;1;161;990;25;26;2,5%;2,6%;1;1;6;7;5;2;0;1;0;0;1;0;1;0;0;1;2;4;3;2;0;4;2;7;0;1;0;0
6747;2;;;;;;;;;;;;;;;;;;;;;;;;;;;;;;;;;;;;;
6749;2;2;1;1;61;772;6;41;0,8%;5,3%;0;0;0;0;0;1;4;0;0;0;0;0;1;0;0;0;9;2;0;0;0;1;1;20;0;8;0;0
6748;2;2;2;2;;;;;;;;;;;;;;;;;;;;;;;;;;;;;;;;;;
6750;2;3;1;1;;;;;;;;;;;;;;;;;;;;;;;;;;;;;;;;;;
6751;2;1;1;1;167;128;0;1;0,0%;0,8%;0;0;0;0;0;0;0;0;0;0;0;0;0;0;0;0;0;1;0;0;0;0;0;0;0;0;0;0
6753;2;2;3;1;83;67;1;0;1,5%;0,0%;0;0;0;0;0;0;0;0;1;0;0;0;0;0;0;0;0;0;0;0;0;0;0;0;0;0;0;0
6757;2;2;3;3;142;982;6;211;0,6%;21,5%;2;0;0;0;1;1;0;0;0;0;0;1;1;0;0;11;6;6;8;16;1;82;12;33;10;17;9;0
6741;1;;;;;;;;;;;;;;;;;;;;;;;;;;;;;;;;;;;;;
6759;2;2;;3;;;;;;;;;;;;;;;;;;;;;;;;;;;;;;;;;;
6760;2;3;2;2;146;323;7;15;2,2%;4,6%;1;0;1;0;0;4;1;0;0;0;0;0;0;0;0;0;2;2;0;0;1;2;0;8;0;0;0;0
6658;2;2;2;3;;;;;;;;;;;;;;;;;;;;;;;;;;;;;;;;;;
6649;2;2;2;1;63;1;0;0;0,0%;0,0%;0;0;0;0;0;0;0;0;0;0;0;0;0;0;0;0;0;0;0;0;0;0;0;0;0;0;0;0
6756;2;1;2;1;245;153;2;1;1,3%;0,7%;1;0;0;1;0;0;0;0;0;0;0;0;0;0;0;0;0;0;0;0;0;0;0;0;0;1;0;0
6766;2;3;1;1;213;864;13;29;1,5%;3,4%;0;0;0;0;1;2;5;0;0;0;0;2;3;0;0;0;6;3;0;0;0;3;0;12;0;5;0;0
6767;1;3;;3;50;134;3;0;2,2%;0,0%;1;1;0;0;0;1;0;0;0;0;0;0;0;0;0;0;0;0;0;0;0;0;0;0;0;0;0;0
6764;2;3;2;1;257;139;5;2;3,6%;1,4%;1;0;0;0;0;0;1;0;2;0;0;0;1;0;0;0;1;0;0;0;0;0;0;0;0;1;0;0
6765;2;1;2;2;86;220;5;2;2,3%;0,9%;0;0;0;2;0;0;0;0;2;0;0;0;1;0;0;0;0;0;1;0;0;0;0;1;0;0;0;0
6661;2;3;1;3;64;26;1;0;3,8%;0,0%;0;0;0;0;0;0;0;0;0;0;0;0;1;0;0;0;0;0;0;0;0;0;0;0;0;0;0;0
6770;2;1;2;2;24;21;0;0;0,0%;0,0%;0;0;0;0;0;0;0;0;0;0;0;0;0;0;0;0;0;0;0;0;0;0;0;0;0;0;0;0
6769;2;3;3;1;86;339;20;16;5,9%;4,7%;3;2;3;0;0;1;2;1;1;0;0;7;0;0;0;0;0;1;1;1;0;1;0;7;1;3;1;0
6732;2;2;3;2;227;131;3;3;2,3%;2,3%;0;0;1;0;1;0;0;0;0;0;0;0;1;0;0;0;0;0;0;0;0;0;1;2;0;0;0;0
6768;3;1;;;69;28;0;1;0,0%;3,6%;0;0;0;0;0;0;0;0;0;0;0;0;0;0;0;0;0;0;0;0;0;0;0;1;0;0;0;0
6771;2;2;2;1;292;603;13;8;2,2%;1,3%;0;0;3;8;0;1;0;0;0;1;0;0;0;0;0;0;1;0;0;1;0;1;0;1;0;4;0;0
6650;2;1;3;2;;;;;;;;;;;;;;;;;;;;;;;;;;;;;;;;;;
6775;2;1;2;2;239;48;4;0;8,3%;0,0%;0;0;0;1;1;0;0;0;0;0;0;2;0;0;0;0;0;0;0;0;0;0;0;0;0;0;0;0
6772;2;1;3;1;;;;;;;;;;;;;;;;;;;;;;;;;;;;;;;;;;
6777;1;2;2;2;;;;;;;;;;;;;;;;;;;;;;;;;;;;;;;;;;
6776;2;1;3;1;62;97;1;6;1,0%;6,2%;1;0;0;0;0;0;0;0;0;0;0;0;0;0;0;0;0;0;1;0;0;1;0;3;0;1;0;0
6773;2;2;2;3;121;24;1;1;4,2%;4,2%;0;0;0;0;0;0;0;0;0;0;0;0;1;0;0;0;0;1;0;0;0;0;0;0;0;0;0;0
6778;2;1;2;1;;;;;;;;;;;;;;;;;;;;;;;;;;;;;;;;;;
6774;2;1;2;2;84;39;0;0;0,0%;0,0%;0;0;0;0;0;0;0;0;0;0;0;0;0;0;0;0;0;0;0;0;0;0;0;0;0;0;0;0
6780;2;;;;;;;;;;;;;;;;;;;;;;;;;;;;;;;;;;;;;
6784;1;2;1;1;266;707;10;35;1,4%;5,0%;0;0;3;0;1;4;0;0;2;0;0;0;0;0;0;2;1;4;0;2;0;5;0;18;1;2;0;0
6788;3;1;1;1;124;623;12;35;1,9%;5,6%;6;0;0;0;1;2;0;0;1;0;1;0;1;0;0;4;1;3;1;2;1;9;2;4;4;2;2;0
6667;2;1;3;2;77;220;23;9;10,5%;4,1%;3;0;0;0;1;0;1;1;0;0;1;8;8;0;0;1;0;0;0;1;0;1;0;4;1;1;0;0
6785;2;2;1;2;128;0;0;0;0,0%;0,0%;0;0;0;0;0;0;0;0;0;0;0;0;0;0;0;0;0;0;0;0;0;0;0;0;0;0;0;0
6795;2;3;2;1;;;;;;;;;;;;;;;;;;;;;;;;;;;;;;;;;;
6798;1;2;1;3;42;106;0;13;0,0%;12,3%;0;0;0;0;0;0;0;0;0;0;0;0;0;0;0;4;3;1;0;1;0;3;1;0;0;0;0;0
6814;2;3;2;2;90;19;0;1;0,0%;5,3%;0;0;0;0;0;0;0;0;0;0;0;0;0;0;0;0;0;0;0;0;0;0;1;0;0;0;0;0
6793;1;2;2;2;233;100;1;0;1,0%;0,0%;0;0;0;1;0;0;0;0;0;0;0;0;0;0;0;0;0;0;0;0;0;0;0;0;0;0;0;0
6786;2;2;2;2;113;22;0;1;0,0%;4,5%;0;0;0;0;0;0;0;0;0;0;0;0;0;0;0;0;0;0;0;0;0;1;0;0;0;0;0;0
6808;3;2;3;2;93;36;1;0;2,8%;0,0%;0;0;0;0;1;0;0;0;0;0;0;0;0;0;0;0;0;0;0;0;0;0;0;0;0;0;0;0
6797;2;2;2;2;63;68;0;10;0,0%;14,7%;0;0;0;0;0;0;0;0;0;0;0;0;0;0;0;0;1;1;0;1;0;1;1;2;0;2;1;0
6802;2;1;2;3;266;305;1;7;0,3%;2,3%;1;0;0;0;0;0;0;0;0;0;0;0;0;0;0;1;0;0;0;0;0;2;2;2;0;0;0;0
6794;3;2;3;2;109;104;2;3;1,9%;2,9%;0;0;0;0;1;1;0;0;0;0;0;0;0;0;0;0;0;1;0;0;0;0;1;1;0;0;0;0
6809;2;1;2;2;69;112;4;13;3,6%;11,6%;0;0;1;0;1;0;0;0;0;0;0;0;2;0;0;1;1;4;0;1;1;1;0;3;0;0;1;0
6806;2;2;1;2;79;38;0;1;0,0%;2,6%;0;0;0;0;0;0;0;0;0;0;0;0;0;0;0;0;0;0;0;0;0;0;0;1;0;0;0;0
6799;2;2;1;2;164;74;1;3;1,4%;4,1%;1;0;0;0;0;0;0;0;0;0;0;0;0;0;0;0;0;0;0;0;0;2;1;0;0;0;0;0
6822;2;1;3;2;237;920;5;54;0,5%;5,9%;1;0;0;0;0;2;0;0;0;0;0;0;1;1;0;0;1;4;0;5;0;9;3;27;0;4;1;0
6805;2;2;3;1;56;48;3;4;6,3%;8,3%;0;0;1;1;0;0;0;0;1;0;0;0;0;0;0;0;0;0;4;0;0;0;0;0;0;0;0;0
6810;2;1;2;2;186;182;3;5;1,6%;2,7%;0;1;0;0;1;0;0;0;1;0;0;0;0;0;0;0;0;1;0;0;0;1;1;0;0;2;0;0
6812;2;3;3;2;;;;;;;;;;;;;;;;;;;;;;;;;;;;;;;;;;
6800;2;2;2;2;112;115;3;5;2,6%;4,3%;0;0;1;0;1;1;0;0;0;0;0;0;0;0;0;0;1;0;0;1;0;1;0;2;0;0;0;0
6821;2;;;;;;;;;;;;;;;;;;;;;;;;;;;;;;;;;;;;;
6792;3;3;3;2;132;14;0;0;0,0%;0,0%;0;0;0;0;0;0;0;0;0;0;0;0;0;0;0;0;0;0;0;0;0;0;0;0;0;0;0;0
6811;2;3;3;2;99;35;0;4;0,0%;11,4%;0;0;0;0;0;0;0;0;0;0;0;0;0;0;0;0;0;0;0;2;0;0;0;2;0;0;0;0
6817;3;2;2;1;;;;;;;;;;;;;;;;;;;;;;;;;;;;;;;;;;
6825;2;2;2;2;137;115;1;6;0,9%;5,2%;0;0;0;0;0;0;0;0;0;0;0;0;1;0;0;0;0;0;0;1;0;4;0;1;0;0;0;0
6783;2;2;1;2;;;;;;;;;;;;;;;;;;;;;;;;;;;;;;;;;;
6815;3;1;2;2;;;;;;;;;;;;;;;;;;;;;;;;;;;;;;;;;;
6816;2;1;1;3;;;;;;;;;;;;;;;;;;;;;;;;;;;;;;;;;;
6807;2;2;2;1;93;158;7;1;4,4%;0,6%;1;0;2;0;0;3;1;0;0;0;0;0;0;0;0;0;0;0;0;0;0;0;0;0;0;1;0;0
6813;2;1;2;2;261;126;0;3;0,0%;2,4%;0;0;0;0;0;0;0;0;0;0;0;0;0;0;0;0;0;1;0;0;0;2;0;0;0;0;0;0
6796;2;3;2;2;73;32;0;0;0,0%;0,0%;0;0;0;0;0;0;0;0;0;0;0;0;0;0;0;0;0;0;0;0;0;0;0;0;0;0;0;0
6803;2;2;1;1;77;340;17;3;5,0%;0,9%;4;0;0;4;2;3;0;1;0;0;0;1;2;0;0;0;0;0;0;0;1;1;0;0;0;1;0;0
6801;2;3;1;2;;;;;;;;;;;;;;;;;;;;;;;;;;;;;;;;;;
6818;2;1;3;1;;;;;;;;;;;;;;;;;;;;;;;;;;;;;;;;;;
6823;2;2;1;3;60;142;0;4;0,0%;2,8%;0;0;0;0;0;0;0;0;0;0;0;0;0;0;0;0;0;2;1;0;1;0;0;0;0;0;0;0
1549;2;3;3;3;132;154;0;3;0,0%;1,9%;0;0;0;0;0;0;0;0;0;0;0;0;0;0;0;0;0;0;0;0;0;1;0;2;0;0;0;0
6790;2;2;2;2;;;;;;;;;;;;;;;;;;;;;;;;;;;;;;;;;;
6830;1;1;2;3;268;137;1;4;0,7%;2,9%;0;0;0;0;1;0;0;0;0;0;0;0;0;0;0;1;0;0;0;0;0;1;1;1;0;0;0;0
6831;2;2;2;1;;;;;;;;;;;;;;;;;;;;;;;;;;;;;;;;;;
6804;3;3;2;3;63;105;1;1;1,0%;1,0%;0;0;0;0;0;1;0;0;0;0;0;0;0;0;0;0;0;0;0;0;0;0;1;0;0;0;0;0
6820;3;3;3;2;244;215;3;2;1,4%;0,9%;1;0;0;0;1;0;0;1;0;0;0;0;0;0;0;0;0;0;0;0;0;0;2;0;0;0;0;0
6758;2;2;2;2;143;125;0;8;0,0%;6,4%;0;0;0;0;0;0;0;0;0;0;0;0;0;0;0;0;1;0;0;1;0;1;0;5;0;0;0;0
6827;3;2;1;1;;;;;;;;;;;;;;;;;;;;;;;;;;;;;;;;;;
6833;2;2;2;1;72;119;0;5;0,0%;4,2%;0;0;0;0;0;0;0;0;0;0;0;0;0;0;0;0;0;0;0;0;0;1;2;1;0;1;0;0
6829;2;2;2;2;50;88;4;4;4,5%;4,5%;1;0;0;2;1;0;0;0;0;0;0;0;0;0;0;0;0;0;0;1;0;2;0;0;1;0;0;0
6787;2;2;2;3;;;;;;;;;;;;;;;;;;;;;;;;;;;;;;;;;;
6828;2;3;1;1;355;118;2;6;1,7%;5,1%;0;0;1;1;0;0;0;0;0;0;0;0;0;0;0;0;1;0;0;1;1;1;2;0;0;0;0;0
6834;2;;;;;;;;;;;;;;;;;;;;;;;;;;;;;;;;;;;;;
6789;3;2;1;1;191;263;4;15;1,5%;5,7%;0;1;0;0;0;1;0;1;0;0;1;0;0;0;0;1;0;2;0;1;9;1;1;0;0;0;0;0
6781;2;2;3;2;109;16;0;0;0,0%;0,0%;0;0;0;0;0;0;0;0;0;0;0;0;0;0;0;0;0;0;0;0;0;0;0;0;0;0;0;0
6837;2;;;;;;;;;;;;;;;;;;;;;;;;;;;;;;;;;;;;;
6832;2;2;2;1;64;607;5;18;0,8%;3,0%;0;0;0;0;0;1;0;0;2;0;0;1;1;0;0;0;6;1;1;0;0;0;0;6;0;4;0;0
6835;2;2;1;2;255;221;17;5;7,7%;2,3%;0;0;0;0;2;8;7;0;0;0;0;0;0;0;0;1;1;0;0;0;0;0;0;2;0;1;0;0
6782;2;2;3;2;33;1;0;0;0,0%;0,0%;0;0;0;0;0;0;0;0;0;0;0;0;0;0;0;0;0;0;0;0;0;0;0;0;0;0;0;0
6839;2;2;2;1;344;690;29;23;4,2%;3,3%;3;0;0;0;12;3;9;0;0;0;1;0;1;0;0;0;4;0;2;0;1;6;0;7;0;3;0;0
6840;2;2;3;2;56;212;2;17;0,9%;8,0%;0;0;0;0;1;0;0;0;0;0;0;0;1;0;0;0;0;0;0;0;0;11;1;5;0;0;0;0
6844;2;3;2;3;162;104;1;3;1,0%;2,9%;0;0;0;0;0;1;0;0;0;0;0;0;0;0;0;0;0;0;0;0;0;3;0;0;0;0;0;0
6841;2;1;1;2;96;73;2;3;2,7%;4,1%;0;0;0;0;0;1;1;0;0;0;0;0;0;0;0;0;0;1;0;0;0;0;0;2;0;0;0;0
6843;2;2;1;1;219;28;0;0;0,0%;0,0%;0;0;0;0;0;0;0;0;0;0;0;0;0;0;0;0;0;0;0;0;0;0;0;0;0;0;0;0
6826;3;;;;;;;;;;;;;;;;;;;;;;;;;;;;;;;;;;;;;
6845;2;;;;;;;;;;;;;;;;;;;;;;;;;;;;;;;;;;;;;
6846;2;3;2;1;52;76;4;1;5,3%;1,3%;0;0;0;0;0;3;1;0;0;0;0;0;0;0;0;0;0;0;0;0;0;0;0;1;0;0;0;0
6578;1;1;1;2;75;342;4;7;1,2%;2,0%;0;0;0;0;1;2;1;0;0;0;0;0;0;0;0;0;0;0;0;0;0;2;0;3;0;2;0;0
6847;2;2;;2;;;;;;;;;;;;;;;;;;;;;;;;;;;;;;;;;;
6848;1;1;2;1;108;109;4;5;3,7%;4,6%;2;0;0;0;1;0;0;0;0;0;0;0;1;0;0;0;0;0;0;0;0;0;1;0;0;4;0;0
6850;2;2;2;2;;;;;;;;;;;;;;;;;;;;;;;;;;;;;;;;;;
6851;2;1;1;1;88;16;0;1;0,0%;6,3%;0;0;0;0;0;0;0;0;0;0;0;0;0;0;0;0;0;0;0;0;0;1;0;0;0;0;0;0
6852;2;2;3;3;297;178;4;1;2,2%;0,6%;2;0;0;1;0;1;0;0;0;0;0;0;0;0;0;0;0;0;0;0;0;0;0;0;0;0;0;1
6853;2;3;2;1;180;316;0;18;0,0%;5,7%;0;0;0;0;0;0;0;0;0;0;0;0;0;0;0;1;5;4;0;2;0;2;0;4;0;0;0;0
6639;2;3;2;1;50;286;13;7;4,5%;2,4%;0;0;0;0;0;1;0;0;0;1;0;9;2;0;0;0;2;0;0;1;0;0;1;2;0;1;0;0
6636;2;2;2;2;67;34;0;3;0,0%;8,8%;0;0;0;0;0;0;0;0;0;0;0;0;0;0;0;0;0;0;0;0;0;3;0;0;0;0;0;0
6856;2;2;1;1;56;55;3;7;5,5%;12,7%;1;0;0;0;0;1;0;0;1;0;0;0;0;0;0;0;0;0;0;0;0;0;0;5;0;2;0;0
6632;2;1;2;1;237;271;4;10;1,5%;3,7%;0;0;0;0;0;2;0;0;0;0;0;2;0;0;0;0;1;0;2;0;0;2;0;3;0;2;0;0
6779;2;3;2;1;108;216;1;8;0,5%;3,7%;0;0;0;0;0;0;0;0;0;0;1;0;0;0;0;1;0;0;0;0;0;2;1;2;0;2;0;0
6858;2;;;;;;;;;;;;;;;;;;;;;;;;;;;;;;;;;;;;;
6854;2;3;2;2;;;;;;;;;;;;;;;;;;;;;;;;;;;;;;;;;;
6860;2;3;1;2;;;;;;;;;;;;;;;;;;;;;;;;;;;;;;;;;;
6861;2;2;1;2;;;;;;;;;;;;;;;;;;;;;;;;;;;;;;;;;;
6862;2;2;2;1;117;8;0;0;0,0%;0,0%;0;0;0;0;0;0;0;0;0;0;0;0;0;0;0;0;0;0;0;0;0;0;0;0;0;0;0;0
6863;2;1;1;2;182;914;7;33;0,8%;3,6%;2;0;1;0;2;1;1;0;0;0;0;0;0;0;0;3;0;0;0;3;0;17;3;7;0;0;0;0
6864;2;1;1;1;154;95;0;3;0,0%;3,2%;0;0;0;0;0;0;0;0;0;0;0;0;0;0;0;0;0;3;0;0;0;0;0;0;0;0;0;0
6865;2;2;;2;105;307;3;12;1,0%;3,9%;0;0;0;1;1;0;0;0;0;0;0;0;1;0;0;1;0;1;0;1;0;6;0;2;0;1;0;0
6866;2;2;1;2;144;41;0;0;0,0%;0,0%;0;0;0;0;0;0;0;0;0;0;0;0;0;0;0;0;0;0;0;0;0;0;0;0;0;0;0;0
6867;2;3;2;2;78;15;4;0;26,7%;0,0%;0;0;0;0;0;3;1;0;0;0;0;0;0;0;0;0;0;0;0;0;0;0;0;0;0;0;0;0
6868;2;2;;2;;10;0;0;0,0%;0,0%;0;0;0;0;0;0;0;0;0;0;0;0;0;0;0;0;0;0;0;0;0;0;0;0;0;0;0;0
6869;2;3;2;2;120;214;2;17;0,9%;7,9%;0;0;0;0;0;1;1;0;0;0;0;0;0;0;0;2;0;0;0;1;0;8;2;2;2;0;0;0
6870;2;3;2;3;47;19;4;0;21,1%;0,0%;1;0;0;0;0;2;1;0;0;0;0;0;0;0;0;0;0;0;0;0;0;0;0;0;0;0;0;0
6871;2;1;2;2;86;16;0;0;0,0%;0,0%;0;0;0;0;0;0;0;0;0;0;0;0;0;0;0;0;0;0;0;0;0;0;0;0;0;0;0;0
6874;2;3;2;2;103;321;35;23;10,9%;7,2%;0;1;1;10;5;0;2;0;0;0;0;0;0;16;0;0;1;10;3;0;7;0;1;1;0;0;0;0
6873;2;2;2;2;108;25;0;1;0,0%;4,0%;0;0;0;0;0;0;0;0;0;0;0;0;0;0;0;0;0;0;0;0;0;0;0;1;0;0;0;0
6876;2;2;2;1;35;16;1;0;6,3%;0,0%;0;0;0;0;1;0;0;0;0;0;0;0;0;0;0;0;0;0;0;0;0;0;0;0;0;0;0;0
6877;3;2;2;2;154;154;8;2;5,2%;1,3%;1;0;1;0;2;0;0;0;2;0;0;1;0;1;0;0;0;0;0;0;0;2;0;0;0;0;0;0
6875;2;1;1;1;199;77;3;3;3,9%;3,9%;0;0;0;1;1;1;0;0;0;0;0;0;0;0;0;0;0;0;0;0;0;2;0;1;0;0;0;0
6878;2;3;1;2;;;;;;;;;;;;;;;;;;;;;;;;;;;;;;;;;;
6880;2;1;2;1;44;68;0;2;0,0%;2,9%;0;0;0;0;0;0;0;0;0;0;0;0;0;0;0;0;0;0;0;0;2;0;0;0;0;0;0;0
6879;2;1;2;2;142;156;1;3;0,6%;1,9%;0;0;0;0;0;0;0;0;0;0;0;0;0;1;0;0;0;0;0;0;0;1;0;1;0;1;0;0
6881;2;2;2;1;148;6;1;0;16,7%;0,0%;0;0;0;0;0;0;0;0;0;0;0;0;0;1;0;0;0;0;0;0;0;0;0;0;0;0;0;0
6882;1;2;3;1;60;24;3;0;12,5%;0,0%;0;0;0;0;1;0;0;0;0;0;0;0;0;2;0;0;0;0;0;0;0;0;0;0;0;0;0;0
6883;2;1;2;2;128;112;6;2;5,4%;1,8%;0;1;0;1;3;1;0;0;0;0;0;0;0;0;0;1;0;0;0;0;0;0;0;1;0;0;0;0
6884;2;2;1;2;114;320;6;54;1,9%;16,9%;1;0;0;1;1;1;1;0;0;0;0;1;0;0;0;0;2;2;18;0;0;0;4;27;0;0;1;0
6885;2;2;3;2;39;39;2;1;5,1%;2,6%;0;0;0;1;0;0;0;0;0;0;0;0;0;1;0;0;0;0;0;0;0;0;1;0;0;0;0;0
6886;2;2;2;2;;;;;;;;;;;;;;;;;;;;;;;;;;;;;;;;;;
6887;1;2;2;2;545;447;40;6;8,9%;1,3%;19;0;1;2;3;0;0;0;0;0;0;0;0;15;0;0;0;1;0;0;2;2;1;0;0;0;0;0
6838;3;;;;83;0;0;0;0,0%;0,0%;0;0;0;0;0;0;0;0;0;0;0;0;0;0;0;0;0;0;0;0;0;0;0;0;0;0;0;0
6888;2;3;2;1;284;86;8;5;9,3%;5,8%;1;0;0;2;0;0;2;0;0;0;0;0;0;3;0;1;0;1;0;0;2;1;0;0;0;0;0;0
6872;3;1;1;1;77;62;4;1;6,5%;1,6%;0;0;0;0;0;1;2;0;0;1;0;0;0;0;0;0;0;0;0;0;0;1;0;0;0;0;0;0
6889;2;2;1;1;;;;;;;;;;;;;;;;;;;;;;;;;;;;;;;;;;
6890;2;2;2;2;325;49;1;0;2,0%;0,0%;0;0;0;1;0;0;0;0;0;0;0;0;0;0;0;0;0;0;0;0;0;0;0;0;0;0;0;0
6606;2;1;2;3;201;239;1;10;0,4%;4,2%;0;0;0;0;0;1;0;0;0;0;0;0;0;0;0;1;0;0;0;0;0;6;1;2;0;0;0;0
6891;2;1;2;3;;;;;;;;;;;;;;;;;;;;;;;;;;;;;;;;;;
6892;2;3;3;1;137;24;1;0;4,2%;0,0%;0;0;0;0;0;0;0;0;0;0;0;0;0;1;0;0;0;0;0;0;0;0;0;0;0;0;0;0
6893;2;1;1;1;55;129;3;5;2,3%;3,9%;1;0;0;0;1;1;0;0;0;0;0;0;0;0;0;0;1;0;0;0;0;1;0;0;0;1;2;0
6894;2;2;2;3;120;594;6;34;1,0%;5,7%;0;0;0;2;0;1;0;2;0;0;0;0;0;1;0;0;0;1;31;0;0;0;1;1;0;0;0;0
6895;2;1;2;1;;;;;;;;;;;;;;;;;;;;;;;;;;;;;;;;;;
6897;2;3;2;2;;;;;;;;;;;;;;;;;;;;;;;;;;;;;;;;;;
6898;2;3;1;2;352;408;41;4;10,0%;1,0%;3;0;4;9;12;0;0;0;1;0;0;0;0;12;0;0;0;2;0;0;0;2;0;0;0;0;0;0
6900;2;2;1;1;64;690;21;30;3,0%;4,3%;3;0;0;1;5;4;4;1;2;0;0;1;0;0;0;2;2;0;0;0;0;11;0;10;0;4;1;0
6901;2;2;2;1;77;4;0;0;0,0%;0,0%;0;0;0;0;0;0;0;0;0;0;0;0;0;0;0;0;0;0;0;0;0;0;0;0;0;0;0;0
6905;1;2;2;2;66;30;0;0;0,0%;0,0%;0;0;0;0;0;0;0;0;0;0;0;0;0;0;0;0;0;0;0;0;0;0;0;0;0;0;0;0
6904;2;2;2;1;56;25;3;1;12,0%;4,0%;0;0;0;0;0;0;0;1;0;0;2;0;0;0;0;0;0;0;0;0;1;0;0;0;0;0;0;0
6906;2;1;2;1;61;201;0;4;0,0%;2,0%;0;0;0;0;0;0;0;0;0;0;0;0;0;0;0;1;0;1;0;0;0;0;0;2;0;0;0;0
6903;2;2;3;3;573;278;11;4;4,0%;1,4%;1;0;3;7;0;0;0;0;0;0;0;0;0;0;0;0;0;2;0;0;0;2;0;0;0;0;0;0
6907;2;2;2;3;112;68;1;5;1,5%;7,4%;0;0;0;0;1;0;0;0;0;0;0;0;0;0;0;0;0;0;0;0;0;3;0;1;0;1;0;0
6909;2;3;;2;267;25;0;0;0,0%;0,0%;0;0;0;0;0;0;0;0;0;0;0;0;0;0;0;0;0;0;0;0;0;0;0;0;0;0;0;0
6911;2;;;;;;;;;;;;;;;;;;;;;;;;;;;;;;;;;;;;;
6912;2;2;2;2;138;326;9;28;2,8%;8,6%;0;0;1;0;0;3;5;0;0;0;0;0;0;0;0;1;3;1;0;4;0;2;2;5;0;7;3;0
6913;2;1;1;2;35;40;0;0;0,0%;0,0%;0;0;0;0;0;0;0;0;0;0;0;0;0;0;0;0;0;0;0;0;0;0;0;0;0;0;0;0
6914;2;3;2;2;625;105;4;2;3,8%;1,9%;0;1;0;1;0;0;1;0;0;0;0;0;0;1;0;0;0;0;0;0;0;1;1;0;0;0;0;0
6915;2;1;1;2;;;;;;;;;;;;;;;;;;;;;;;;;;;;;;;;;;
6917;2;2;2;3;49;109;0;2;0,0%;1,8%;0;0;0;0;0;0;0;0;0;0;0;0;0;0;0;0;1;1;0;0;0;0;0;0;0;0;0;0
6916;2;2;2;2;115;68;1;10;1,5%;14,7%;0;0;0;0;0;0;0;0;0;0;0;0;1;0;0;0;0;2;7;0;1;0;0;0;0;0;0;0
6918;2;2;3;3;135;25;0;0;0,0%;0,0%;0;0;0;0;0;0;0;0;0;0;0;0;0;0;0;0;0;0;0;0;0;0;0;0;0;0;0;0
6920;2;2;2;3;75;20;4;2;20,0%;10,0%;2;0;0;1;1;0;0;0;0;0;0;0;0;0;0;0;0;0;0;0;2;0;0;0;0;0;0;0
6922;3;3;3;2;124;165;1;2;0,6%;1,2%;0;0;1;0;0;0;0;0;0;0;0;0;0;0;0;0;0;0;0;0;0;1;0;0;0;1;0;0
6919;3;2;1;3;6;0;0;0;0,0%;0,0%;0;0;0;0;0;0;0;0;0;0;0;0;0;0;0;0;0;0;0;0;0;0;0;0;0;0;0;0
6925;3;1;1;2;442;983;9;16;0,9%;1,6%;0;0;0;1;3;2;0;0;1;1;0;0;1;0;0;1;2;1;0;1;0;2;3;6;0;0;0;0
6923;3;2;2;2;66;17;1;0;5,9%;0,0%;0;0;0;0;0;1;0;0;0;0;0;0;0;0;0;0;0;0;0;0;0;0;0;0;0;0;0;0
6926;2;2;;3;83;85;0;6;0,0%;7,1%;0;0;0;0;0;0;0;0;0;0;0;0;0;0;0;0;1;0;0;1;0;1;0;3;0;0;0;0
6763;3;;;;;;;;;;;;;;;;;;;;;;;;;;;;;;;;;;;;;
6924;3;1;2;1;141;263;1;18;0,4%;6,8%;0;0;0;0;0;0;0;0;0;0;0;0;1;0;0;1;3;3;0;4;0;3;2;2;0;0;0;0
6927;2;3;;2;0;0;0;0;0,0%;0,0%;0;0;0;0;0;0;0;0;0;0;0;0;0;0;0;0;0;0;0;0;0;0;0;0;0;0;0;0
6928;2;3;2;1;73;69;0;1;0,0%;1,4%;0;0;0;0;0;0;0;0;0;0;0;0;0;0;0;0;0;1;0;0;0;0;0;0;0;0;0;0
6929;2;2;;1;44;0;0;0;0,0%;0,0%;0;0;0;0;0;0;0;0;0;0;0;0;0;0;0;0;0;0;0;0;0;0;0;0;0;0;0;0
6930;2;2;;1;0;0;0;0;0,0%;0,0%;0;0;0;0;0;0;0;0;0;0;0;0;0;0;0;0;0;0;0;0;0;0;0;0;0;0;0;0
6931;1;1;1;1;33;4;0;0;0,0%;0,0%;0;0;0;0;0;0;0;0;0;0;0;0;0;0;0;0;0;0;0;0;0;0;0;0;0;0;0;0
6932;3;2;2;2;92;50;0;1;0,0%;2,0%;0;0;0;0;0;0;0;0;0;0;0;0;0;0;0;0;0;0;0;1;0;0;0;0;0;0;0;0
6933;2;2;2;1;245;64;4;0;6,3%;0,0%;0;0;1;0;2;0;0;0;0;0;1;0;0;0;0;0;0;0;0;0;0;0;0;0;0;0;0;0
6936;2;;;;;;;;;;;;;;;;;;;;;;;;;;;;;;;;;;;;;
6935;2;;;;;;;;;;;;;;;;;;;;;;;;;;;;;;;;;;;;;
6937;1;2;2;3;414;971;22;35;2,3%;3,6%;3;0;1;8;4;1;1;1;0;1;0;0;1;1;1;0;6;9;2;0;1;3;4;6;0;3;0;0
6943;2;1;;3;180;29;2;0;6,9%;0,0%;0;0;0;0;0;0;0;0;0;2;0;0;0;0;0;0;0;0;0;0;0;0;0;0;0;0;0;0
6942;3;;;;;;;;;;;;;;;;;;;;;;;;;;;;;;;;;;;;;
6940;2;2;;2;345;135;17;8;12,6%;5,9%;2;1;0;0;3;3;3;4;0;0;1;0;0;0;0;1;0;1;0;0;0;1;0;4;0;1;0;0
6944;2;2;;1;129;68;0;1;0,0%;1,5%;0;0;0;0;0;0;0;0;0;0;0;0;0;0;0;0;0;0;0;0;0;0;0;1;0;0;0;0
2628;2;1;1;2;1642;63;4;0;6,3%;0,0%;0;0;1;0;1;0;1;0;1;0;0;0;0;0;0;0;0;0;0;0;0;0;0;0;0;0;0;0
6945;2;1;2;1;;;;;;;;;;;;;;;;;;;;;;;;;;;;;;;;;;
t42;2;3;;2;1461;158;12;0;7,6%;0,0%;1;1;3;2;0;1;3;0;0;0;0;0;1;0;0;0;0;0;0;0;0;0;0;0;0;0;0;0
t68189;2;2;;3;;;;;;;;;;;;;;;;;;;;;;;;;;;;;;;;;;
t9;3;2;;1;32;5;0;0;0,0%;0,0%;0;0;0;0;0;0;0;0;0;0;0;0;0;0;0;0;0;0;0;0;0;0;0;0;0;0;0;0
t47591;3;3;;3;;;;;;;;;;;;;;;;;;;;;;;;;;;;;;;;;;
t42987;3;;;;;;;;;;;;;;;;;;;;;;;;;;;;;;;;;;;;;
t36887;2;;;;;;;;;;;;;;;;;;;;;;;;;;;;;;;;;;;;;
t53821;2;;;;;;;;;;;;;;;;;;;;;;;;;;;;;;;;;;;;;
t68020;2;1;;2;;;;;;;;;;;;;;;;;;;;;;;;;;;;;;;;;;
t29275;2;;;;;;;;;;;;;;;;;;;;;;;;;;;;;;;;;;;;;
t35619;2;;;;71;34;1;0;2,9%;0,0%;0;0;0;0;0;0;0;0;0;1;0;0;0;0;0;0;0;0;0;0;0;0;0;0;0;0;0;0
t44964;3;;;;;;;;;;;;;;;;;;;;;;;;;;;;;;;;;;;;;
t68163;2;3;1;3;125;17;0;0;0,0%;0,0%;0;0;0;0;0;0;0;0;0;0;0;0;0;0;0;0;0;0;0;0;0;0;0;0;0;0;0;0
t30135;3;;;;;;;;;;;;;;;;;;;;;;;;;;;;;;;;;;;;;
t35479;1;1;1;2;;;;;;;;;;;;;;;;;;;;;;;;;;;;;;;;;;
t36865;2;;;;;;;;;;;;;;;;;;;;;;;;;;;;;;;;;;;;;
t54806;2;;;;;;;;;;;;;;;;;;;;;;;;;;;;;;;;;;;;;
t27065;2;2;;2;;;;;;;;;;;;;;;;;;;;;;;;;;;;;;;;;;
t55711;2;1;;3;;;;;;;;;;;;;;;;;;;;;;;;;;;;;;;;;;
t55513;2;2;;2;;;;;;;;;;;;;;;;;;;;;;;;;;;;;;;;;;
t67579;3;;;;;;;;;;;;;;;;;;;;;;;;;;;;;;;;;;;;;
t35918;2;;;;;;;;;;;;;;;;;;;;;;;;;;;;;;;;;;;;;
t33991;2;3;;3;;;;;;;;;;;;;;;;;;;;;;;;;;;;;;;;;;
t49630;3;;;;;;;;;;;;;;;;;;;;;;;;;;;;;;;;;;;;;
t65222;2;;;;;;;;;;;;;;;;;;;;;;;;;;;;;;;;;;;;;
t64051;3;;;;;;;;;;;;;;;;;;;;;;;;;;;;;;;;;;;;;
t65664;2;;;;;;;;;;;;;;;;;;;;;;;;;;;;;;;;;;;;;
t66293;2;;;;;;;;;;;;;;;;;;;;;;;;;;;;;;;;;;;;;
t63689;2;;;;64;71;1;2;1,4%;2,8%;0;0;0;0;0;1;0;0;0;0;0;0;0;0;0;0;0;0;0;0;0;1;0;1;0;0;0;0
t63413;3;;;;110;60;2;3;3,3%;5,0%;1;0;1;0;0;0;0;0;0;0;0;0;0;0;0;2;0;0;0;0;0;0;0;1;0;0;0;0
t63529;3;;;;227;22;2;2;9,1%;9,1%;0;0;0;0;2;0;0;0;0;0;0;0;0;0;0;0;0;0;0;0;0;2;0;0;0;0;0;0
t63709;3;;;;65;72;0;1;0,0%;1,4%;0;0;0;0;0;0;0;0;0;0;0;0;0;0;0;0;0;0;0;0;0;0;0;1;0;0;0;0
t65054;2;;;;;;;;;;;;;;;;;;;;;;;;;;;;;;;;;;;;;
t64794;2;;;;73;73;1;2;1,4%;2,7%;0;1;0;0;0;0;0;0;0;0;0;0;0;0;0;0;0;0;0;1;0;1;0;0;0;0;0;0
t64045;3;;;;298;135;7;2;5,2%;1,5%;2;0;0;1;2;1;0;0;0;1;0;0;0;0;0;1;0;0;0;0;0;0;1;0;0;0;0;0
t65793;2;;;;218;458;9;17;2,0%;3,7%;1;1;1;2;1;2;1;0;0;0;0;0;0;0;0;0;4;1;0;0;0;3;1;6;0;1;1;0
t65776;3;;;;147;36;2;1;5,6%;2,8%;0;0;0;0;0;0;0;0;0;0;0;1;1;0;0;0;0;0;0;0;0;1;0;0;0;0;0;0
t64705;2;;;;;;;;;;;;;;;;;;;;;;;;;;;;;;;;;;;;;
t64020;2;;;;;;;;;;;;;;;;;;;;;;;;;;;;;;;;;;;;;
t65903;2;;;;155;34;2;0;5,9%;0,0%;1;0;0;1;0;0;0;0;0;0;0;0;0;0;0;0;0;0;0;0;0;0;0;0;0;0;0;0
t64825;2;;;;47;91;4;1;4,4%;1,1%;2;0;0;0;0;1;1;0;0;0;0;0;0;0;0;0;0;0;0;0;0;0;0;1;0;0;0;0
t65375;2;;;;;;;;;;;;;;;;;;;;;;;;;;;;;;;;;;;;;
t64886;2;;;;;;;;;;;;;;;;;;;;;;;;;;;;;;;;;;;;;
t65561;1;;;;184;79;1;0;1,3%;0,0%;1;0;0;0;0;0;0;0;0;0;0;0;0;0;0;0;0;0;0;0;0;0;0;0;0;0;0;0
t65874;2;;;;;;;;;;;;;;;;;;;;;;;;;;;;;;;;;;;;;
t65647;2;;;;;;;;;;;;;;;;;;;;;;;;;;;;;;;;;;;;;
t64591;2;;;;;;;;;;;;;;;;;;;;;;;;;;;;;;;;;;;;;
t65013;2;;;;;;;;;;;;;;;;;;;;;;;;;;;;;;;;;;;;;
t56010;2;;;;;;;;;;;;;;;;;;;;;;;;;;;;;;;;;;;;;
t64935;3;;;;;;;;;;;;;;;;;;;;;;;;;;;;;;;;;;;;;
t64280;3;;;;518;124;3;1;2,4%;0,8%;1;0;2;0;0;0;0;0;0;0;0;0;0;0;0;0;0;0;0;0;1;0;0;0;0;0;0;0
t64005;3;;;;;;;;;;;;;;;;;;;;;;;;;;;;;;;;;;;;;
t63719;2;;;;;;;;;;;;;;;;;;;;;;;;;;;;;;;;;;;;;
t66284;2;;;;;;;;;;;;;;;;;;;;;;;;;;;;;;;;;;;;;
t65796;2;;;;;;;;;;;;;;;;;;;;;;;;;;;;;;;;;;;;;
t63872;2;;;;264;40;0;1;0,0%;2,5%;0;0;0;0;0;0;0;0;0;0;0;0;0;0;0;0;0;0;0;1;0;0;0;0;0;0;0;0
t64909;2;;;;;;;;;;;;;;;;;;;;;;;;;;;;;;;;;;;;;
t63395;3;;;;;;;;;;;;;;;;;;;;;;;;;;;;;;;;;;;;;
t64495;3;;;;;;;;;;;;;;;;;;;;;;;;;;;;;;;;;;;;;
t64426;3;;;;;;;;;;;;;;;;;;;;;;;;;;;;;;;;;;;;;
t66075;2;;;;;;;;;;;;;;;;;;;;;;;;;;;;;;;;;;;;;
t64047;3;;;;121;201;0;2;0,0%;1,0%;0;0;0;0;0;0;0;0;0;0;0;0;0;0;0;0;0;0;0;0;0;0;0;2;0;0;0;0
t62944;3;;;;;;;;;;;;;;;;;;;;;;;;;;;;;;;;;;;;;
t65815;2;;;;65;85;4;1;4,7%;1,2%;0;0;1;0;1;0;0;0;0;0;0;1;1;0;0;0;0;0;0;0;0;0;0;0;0;1;0;0
t66238;2;;;;84;222;15;5;6,8%;2,3%;3;0;3;0;2;3;2;0;0;0;1;0;1;0;0;0;1;0;0;1;0;0;0;1;0;1;1;0
t63970;2;;;;58;146;4;32;2,7%;21,9%;0;0;0;0;0;0;0;0;0;0;0;2;2;0;0;4;1;0;0;1;0;7;0;14;2;2;1;0
t64388;2;;;;;;;;;;;;;;;;;;;;;;;;;;;;;;;;;;;;;
t66144;2;;;;;;;;;;;;;;;;;;;;;;;;;;;;;;;;;;;;;
t65651;2;;;;156;115;2;1;1,7%;0,9%;0;0;0;0;1;0;0;0;0;0;0;0;1;0;0;0;0;0;0;0;0;1;0;0;0;0;0;0
t53477;2;;;;272;90;7;0;7,8%;0,0%;0;0;0;2;0;4;0;0;0;0;1;0;0;0;0;0;0;0;0;0;0;0;0;0;0;0;0;0
t35457;2;;;;59;30;0;3;0,0%;10,0%;0;0;0;0;0;0;0;0;0;0;0;0;0;0;0;0;0;1;0;0;0;0;1;1;0;0;0;0
t66182;3;;;;156;78;5;0;6,4%;0,0%;0;0;0;1;1;0;0;0;1;0;0;2;0;0;0;0;0;0;0;0;0;0;0;0;0;0;0;0
t63939;2;;;;;;;;;;;;;;;;;;;;;;;;;;;;;;;;;;;;;
t64690;3;;;;;;;;;;;;;;;;;;;;;;;;;;;;;;;;;;;;;
t63846;2;;;;280;76;3;1;3,9%;1,3%;0;0;0;0;1;1;0;0;0;1;0;0;0;0;0;0;0;0;0;0;0;0;1;0;0;0;0;0
t0;3;;;;;;;;;;;;;;;;;;;;;;;;;;;;;;;;;;;;;
t63172;3;;;;;;;;;;;;;;;;;;;;;;;;;;;;;;;;;;;;;
t66195;2;;;;;;;;;;;;;;;;;;;;;;;;;;;;;;;;;;;;;
t63840;2;;;;;;;;;;;;;;;;;;;;;;;;;;;;;;;;;;;;;
t66065;2;;;;;;;;;;;;;;;;;;;;;;;;;;;;;;;;;;;;;
t64320;2;;;;;;;;;;;;;;;;;;;;;;;;;;;;;;;;;;;;;
t63549;2;;;;158;65;19;2;29,2%;3,1%;0;0;0;0;0;0;0;0;0;0;0;9;10;0;0;0;2;0;0;0;0;0;0;0;0;0;0;0
t65186;2;;;;;;;;;;;;;;;;;;;;;;;;;;;;;;;;;;;;;
t64722;3;;;;48;31;2;0;6,5%;0,0%;0;0;0;0;2;0;0;0;0;0;0;0;0;0;0;0;0;0;0;0;0;0;0;0;0;0;0;0
t63976;2;;;;;;;;;;;;;;;;;;;;;;;;;;;;;;;;;;;;;
t63619;2;;;;239;62;2;0;3,2%;0,0%;1;0;0;0;0;0;0;1;0;0;0;0;0;0;0;0;0;0;0;0;0;0;0;0;0;0;0;0
t1;3;;;;;;;;;;;;;;;;;;;;;;;;;;;;;;;;;;;;;
t52356;2;;;;;;;;;;;;;;;;;;;;;;;;;;;;;;;;;;;;;
t65940;3;;;;;;;;;;;;;;;;;;;;;;;;;;;;;;;;;;;;;
t66121;3;;;;182;73;0;0;0,0%;0,0%;0;0;0;0;0;0;0;0;0;0;0;0;0;0;0;0;0;0;0;0;0;0;0;0;0;0;0;0
t63485;3;;;;;;;;;;;;;;;;;;;;;;;;;;;;;;;;;;;;;
t64124;3;;;;64;24;0;1;0,0%;4,2%;0;0;0;0;0;0;0;0;0;0;0;0;0;0;0;0;0;0;0;0;0;1;0;0;0;0;0;0
t64330;3;;;;58;42;1;0;2,4%;0,0%;0;0;0;0;0;0;1;0;0;0;0;0;0;0;0;0;0;0;0;0;0;0;0;0;0;0;0;0
t37032;2;2;;;;;;;;;;;;;;;;;;;;;;;;;;;;;;;;;;;;
t31956;2;2;;3;;;;;;;;;;;;;;;;;;;;;;;;;;;;;;;;;;
t65221;2;;;;;;;;;;;;;;;;;;;;;;;;;;;;;;;;;;;;;
t63372;3;;;;;;;;;;;;;;;;;;;;;;;;;;;;;;;;;;;;;
t65588;1;;;;;;;;;;;;;;;;;;;;;;;;;;;;;;;;;;;;;
t45365;2;2;;2;;;;;;;;;;;;;;;;;;;;;;;;;;;;;;;;;;
t62791;2;1;;2;216;94;11;0;11,7%;0,0%;3;0;1;0;1;1;0;0;0;0;0;0;5;0;0;0;0;0;0;0;0;0;0;0;0;0;0;0
t46348;2;;;;;;;;;;;;;;;;;;;;;;;;;;;;;;;;;;;;;
t37204;3;2;1;2;;;;;;;;;;;;;;;;;;;;;;;;;;;;;;;;;;
t38430;2;;;;;;;;;;;;;;;;;;;;;;;;;;;;;;;;;;;;;
t35375;2;;;;201;25;0;0;0,0%;0,0%;0;0;0;0;0;0;0;0;0;0;0;0;0;0;0;0;0;0;0;0;0;0;0;0;0;0;0;0
t65123;2;;;;;;;;;;;;;;;;;;;;;;;;;;;;;;;;;;;;;
t52063;3;;;;;;;;;;;;;;;;;;;;;;;;;;;;;;;;;;;;;
t31752;2;3;2;3;;;;;;;;;;;;;;;;;;;;;;;;;;;;;;;;;;
t36530;3;;;;69;211;17;0;8,1%;0,0%;1;0;3;1;3;7;2;0;0;0;0;0;0;0;0;0;0;0;0;0;0;0;0;0;0;0;0;0
t65716;2;;;;149;89;1;0;1,1%;0,0%;0;0;0;0;0;0;0;0;0;0;0;0;0;1;0;0;0;0;0;0;0;0;0;0;0;0;0;0
t66337;3;;;;;;;;;;;;;;;;;;;;;;;;;;;;;;;;;;;;;
t67497;3;3;;1;;;;;;;;;;;;;;;;;;;;;;;;;;;;;;;;;;
t64945;2;;;;;;;;;;;;;;;;;;;;;;;;;;;;;;;;;;;;;
t52127;2;2;2;2;;;;;;;;;;;;;;;;;;;;;;;;;;;;;;;;;;
t63029;2;;;;;;;;;;;;;;;;;;;;;;;;;;;;;;;;;;;;;
t67564;2;;;;;;;;;;;;;;;;;;;;;;;;;;;;;;;;;;;;;
t64893;2;;;;;;;;;;;;;;;;;;;;;;;;;;;;;;;;;;;;;
t67652;3;;;;;;;;;;;;;;;;;;;;;;;;;;;;;;;;;;;;;
t65041;2;;;;307;38;5;0;13,2%;0,0%;2;0;2;0;1;0;0;0;0;0;0;0;0;0;0;0;0;0;0;0;0;0;0;0;0;0;0;0
t67659;2;;;;;;;;;;;;;;;;;;;;;;;;;;;;;;;;;;;;;
t67654;2;;;;;;;;;;;;;;;;;;;;;;;;;;;;;;;;;;;;;
t39397;3;2;1;2;73;93;8;2;8,6%;2,2%;0;0;0;0;0;2;0;1;0;4;0;0;1;0;0;0;0;0;0;0;0;0;0;1;0;1;0;0
t62813;3;;;;;;;;;;;;;;;;;;;;;;;;;;;;;;;;;;;;;
t67568;2;2;;;;;;;;;;;;;;;;;;;;;;;;;;;;;;;;;;;;
t64532;3;;;;;;;;;;;;;;;;;;;;;;;;;;;;;;;;;;;;;
t66268;3;;;;;;;;;;;;;;;;;;;;;;;;;;;;;;;;;;;;;
t65223;1;;;;;;;;;;;;;;;;;;;;;;;;;;;;;;;;;;;;;
t67391;3;1;;;88;51;2;1;3,9%;2,0%;0;0;0;0;1;1;0;0;0;0;0;0;0;0;0;0;0;0;0;0;0;0;0;0;0;1;0;0
t27987;2;;;;;;;;;;;;;;;;;;;;;;;;;;;;;;;;;;;;;
t29132;2;;;;360;143;1;0;0,7%;0,0%;0;0;0;1;0;0;0;0;0;0;0;0;0;0;0;0;0;0;0;0;0;0;0;0;0;0;0;0
t33860;2;1;;;180;115;1;4;0,9%;3,5%;0;0;0;0;1;0;0;0;0;0;0;0;0;0;0;0;1;1;0;1;0;0;0;1;0;0;0;0
t31432;3;2;;2;;;;;;;;;;;;;;;;;;;;;;;;;;;;;;;;;;
t65835;1;;;;279;164;2;5;1,2%;3,0%;0;0;0;2;0;0;0;0;0;0;0;0;0;0;0;0;0;1;0;0;0;0;0;3;0;1;0;0
t67989;3;;;;;;;;;;;;;;;;;;;;;;;;;;;;;;;;;;;;;
t67971;3;;;;;;;;;;;;;;;;;;;;;;;;;;;;;;;;;;;;;
t67668;3;;;;;;;;;;;;;;;;;;;;;;;;;;;;;;;;;;;;;
t51846;2;;;;;;;;;;;;;;;;;;;;;;;;;;;;;;;;;;;;;
t33044;3;;;;;;;;;;;;;;;;;;;;;;;;;;;;;;;;;;;;;
t67622;2;1;;;;;;;;;;;;;;;;;;;;;;;;;;;;;;;;;;;;
t67645;2;;;;;;;;;;;;;;;;;;;;;;;;;;;;;;;;;;;;;
t67685;2;;;;;;;;;;;;;;;;;;;;;;;;;;;;;;;;;;;;;
t67656;2;;;;;;;;;;;;;;;;;;;;;;;;;;;;;;;;;;;;;
t49626;3;;;;;;;;;;;;;;;;;;;;;;;;;;;;;;;;;;;;;
t63437;2;;;;150;55;5;0;9,1%;0,0%;2;0;0;0;1;0;0;0;0;0;0;2;0;0;0;0;0;0;0;0;0;0;0;0;0;0;0;0
t63408;3;;;;30;29;0;0;0,0%;0,0%;0;0;0;0;0;0;0;0;0;0;0;0;0;0;0;0;0;0;0;0;0;0;0;0;0;0;0;0
t54870;3;2;;1;;;;;;;;;;;;;;;;;;;;;;;;;;;;;;;;;;
t47328;3;;;;148;59;7;0;11,9%;0,0%;2;0;0;0;0;0;0;0;1;4;0;0;0;0;0;0;0;0;0;0;0;0;0;0;0;0;0;0
t55521;3;;;;;;;;;;;;;;;;;;;;;;;;;;;;;;;;;;;;;
t67541;3;;;;;;;;;;;;;;;;;;;;;;;;;;;;;;;;;;;;;
t36807;2;2;;;61;58;10;0;17,2%;0,0%;0;0;0;1;1;0;1;1;0;0;1;5;0;0;0;0;0;0;0;0;0;0;0;0;0;0;0;0
t63039;2;;;;;;;;;;;;;;;;;;;;;;;;;;;;;;;;;;;;;
t67710;2;;;;;;;;;;;;;;;;;;;;;;;;;;;;;;;;;;;;;
t45583;3;;;;;;;;;;;;;;;;;;;;;;;;;;;;;;;;;;;;;
t67651;3;;;;;;;;;;;;;;;;;;;;;;;;;;;;;;;;;;;;;
t60757;3;;;;280;160;21;0;13,1%;0,0%;8;0;1;6;2;1;1;0;1;0;1;0;0;0;0;0;0;0;0;0;0;0;0;0;0;0;0;0
t67585;3;;;;;;;;;;;;;;;;;;;;;;;;;;;;;;;;;;;;;
t65670;3;;;;;;;;;;;;;;;;;;;;;;;;;;;;;;;;;;;;;
t64303;3;;;;312;375;5;11;1,3%;2,9%;0;1;0;0;0;0;0;0;0;0;0;0;4;0;0;0;2;1;1;0;0;1;0;5;0;1;0;0
t27723;3;2;;3;;;;;;;;;;;;;;;;;;;;;;;;;;;;;;;;;;
t36843;3;;;;190;196;13;6;6,6%;3,1%;1;0;1;1;2;2;6;0;0;0;0;0;0;0;0;0;0;0;0;0;2;2;0;1;0;1;0;0
t45005;3;;;;209;101;2;5;2,0%;5,0%;1;0;0;0;1;0;0;0;0;0;0;0;0;0;0;1;0;1;0;0;0;2;0;1;0;0;0;0
t33175;2;;;;;;;;;;;;;;;;;;;;;;;;;;;;;;;;;;;;;
t604;2;;;;;;;;;;;;;;;;;;;;;;;;;;;;;;;;;;;;;
t9666;2;2;;1;;;;;;;;;;;;;;;;;;;;;;;;;;;;;;;;;;
t67572;2;1;;2;;;;;;;;;;;;;;;;;;;;;;;;;;;;;;;;;;
t50193;2;;;;;;;;;;;;;;;;;;;;;;;;;;;;;;;;;;;;;
t32489;3;;;;139;39;4;0;10,3%;0,0%;1;0;1;1;0;0;0;0;1;0;0;0;0;0;0;0;0;0;0;0;0;0;0;0;0;0;0;0
t67683;2;;;;;;;;;;;;;;;;;;;;;;;;;;;;;;;;;;;;;
t65019;2;;;;115;14;1;0;7,1%;0,0%;0;0;0;0;0;0;0;0;0;0;0;1;0;0;0;0;0;0;0;0;0;0;0;0;0;0;0;0
t27893;2;;;;;;;;;;;;;;;;;;;;;;;;;;;;;;;;;;;;;
t42308;3;2;;1;;;;;;;;;;;;;;;;;;;;;;;;;;;;;;;;;;
t67658;2;;;;;;;;;;;;;;;;;;;;;;;;;;;;;;;;;;;;;
t63458;2;;;;273;225;3;11;1,3%;4,9%;1;0;0;1;0;0;0;1;0;0;0;0;0;0;0;2;1;1;0;1;0;3;0;2;0;1;0;0
t46786;3;;;;;;;;;;;;;;;;;;;;;;;;;;;;;;;;;;;;;
t41735;2;;;;;;;;;;;;;;;;;;;;;;;;;;;;;;;;;;;;;
t67812;3;;;;;;;;;;;;;;;;;;;;;;;;;;;;;;;;;;;;;
t36833;3;;;;39;4;1;0;25,0%;0,0%;0;0;0;1;0;0;0;0;0;0;0;0;0;0;0;0;0;0;0;0;0;0;0;0;0;0;0;0
t45845;3;2;;1;;;;;;;;;;;;;;;;;;;;;;;;;;;;;;;;;;
t67486;2;2;;1;;;;;;;;;;;;;;;;;;;;;;;;;;;;;;;;;;
t67674;2;;;;45;108;3;3;2,8%;2,8%;0;0;0;2;0;0;0;0;0;0;0;0;0;1;0;0;1;0;0;0;0;0;0;1;0;0;1;0
t36017;2;;;;;;;;;;;;;;;;;;;;;;;;;;;;;;;;;;;;;
t52943;1;2;;1;;;;;;;;;;;;;;;;;;;;;;;;;;;;;;;;;;
t55231;3;1;;2;;;;;;;;;;;;;;;;;;;;;;;;;;;;;;;;;;
t67817;3;;;;42;84;0;1;0,0%;1,2%;0;0;0;0;0;0;0;0;0;0;0;0;0;0;0;0;0;0;0;0;0;1;0;0;0;0;0;0
t67644;2;2;2;1;;;;;;;;;;;;;;;;;;;;;;;;;;;;;;;;;;
t64177;2;;;;;;;;;;;;;;;;;;;;;;;;;;;;;;;;;;;;;
t47125;2;1;;3;6;36;1;1;2,8%;2,8%;0;0;0;1;0;0;0;0;0;0;0;0;0;0;0;0;1;0;0;0;0;0;0;0;0;0;0;0
t66036;3;;;;;;;;;;;;;;;;;;;;;;;;;;;;;;;;;;;;;
t55826;2;3;;3;;;;;;;;;;;;;;;;;;;;;;;;;;;;;;;;;;
t30218;3;;;;65;2;0;0;0,0%;0,0%;0;0;0;0;0;0;0;0;0;0;0;0;0;0;0;0;0;0;0;0;0;0;0;0;0;0;0;0
t42251;3;;;;;;;;;;;;;;;;;;;;;;;;;;;;;;;;;;;;;
t29740;2;2;;3;299;128;5;1;3,9%;0,8%;0;0;0;0;1;1;2;0;1;0;0;0;0;0;0;0;0;0;0;0;0;1;0;0;0;0;0;0
t67653;3;;;;21;34;4;0;11,8%;0,0%;0;0;0;1;0;3;0;0;0;0;0;0;0;0;0;0;0;0;0;0;0;0;0;0;0;0;0;0
t47620;3;;;;;;;;;;;;;;;;;;;;;;;;;;;;;;;;;;;;;
t64542;3;;;;;;;;;;;;;;;;;;;;;;;;;;;;;;;;;;;;;
t1215;2;;;;;;;;;;;;;;;;;;;;;;;;;;;;;;;;;;;;;
t45297;3;;;;;;;;;;;;;;;;;;;;;;;;;;;;;;;;;;;;;
t54441;2;;;;;;;;;;;;;;;;;;;;;;;;;;;;;;;;;;;;;
t21738;3;;;;;;;;;;;;;;;;;;;;;;;;;;;;;;;;;;;;;
t55457;3;;;;;;;;;;;;;;;;;;;;;;;;;;;;;;;;;;;;;
t62805;3;1;;3;121;44;0;0;0,0%;0,0%;0;0;0;0;0;0;0;0;0;0;0;0;0;0;0;0;0;0;0;0;0;0;0;0;0;0;0;0
t46278;3;;;;;;;;;;;;;;;;;;;;;;;;;;;;;;;;;;;;;
t67548;2;;;;;;;;;;;;;;;;;;;;;;;;;;;;;;;;;;;;;
t34061;2;;;;129;65;7;0;10,8%;0,0%;0;0;0;1;1;2;0;0;0;0;0;0;0;3;0;0;0;0;0;0;0;0;0;0;0;0;0;0
t62726;3;;;;469;72;13;2;18,1%;2,8%;2;0;0;6;2;1;1;0;0;0;1;0;0;0;0;0;0;0;0;0;0;2;0;0;0;0;0;0
t65151;2;;;;83;47;0;1;0,0%;2,1%;0;0;0;0;0;0;0;0;0;0;0;0;0;0;0;0;0;0;0;0;0;1;0;0;0;0;0;0
t34077;3;;;;;;;;;;;;;;;;;;;;;;;;;;;;;;;;;;;;;
t62969;2;;;;;;;;;;;;;;;;;;;;;;;;;;;;;;;;;;;;;
t23126;1;2;2;1;;;;;;;;;;;;;;;;;;;;;;;;;;;;;;;;;;
t31528;3;2;1;1;;;;;;;;;;;;;;;;;;;;;;;;;;;;;;;;;;
t44872;3;;;;;;;;;;;;;;;;;;;;;;;;;;;;;;;;;;;;;
t53692;2;3;;1;;;;;;;;;;;;;;;;;;;;;;;;;;;;;;;;;;
t35512;3;3;;1;248;105;7;1;6,7%;1,0%;1;0;0;3;0;0;0;0;0;0;0;0;0;3;0;0;0;0;1;0;0;0;0;0;0;0;0;0
t643;3;1;;3;;;;;;;;;;;;;;;;;;;;;;;;;;;;;;;;;;
t63118;3;;;;;;;;;;;;;;;;;;;;;;;;;;;;;;;;;;;;;
t54881;3;2;;3;;;;;;;;;;;;;;;;;;;;;;;;;;;;;;;;;;
t14065;2;2;;2;;;;;;;;;;;;;;;;;;;;;;;;;;;;;;;;;;
t64957;3;;;;107;637;47;17;7,4%;2,7%;32;0;0;6;4;1;1;1;1;0;0;1;0;0;0;0;0;2;0;0;0;10;0;3;0;1;1;0
t15785;3;2;3;1;;;;;;;;;;;;;;;;;;;;;;;;;;;;;;;;;;
t40524;2;2;;1;;;;;;;;;;;;;;;;;;;;;;;;;;;;;;;;;;
t44986;2;2;3;2;;;;;;;;;;;;;;;;;;;;;;;;;;;;;;;;;;
t27365;2;2;;2;;;;;;;;;;;;;;;;;;;;;;;;;;;;;;;;;;
t62781;3;;;;;;;;;;;;;;;;;;;;;;;;;;;;;;;;;;;;;
t18059;3;;;;;;;;;;;;;;;;;;;;;;;;;;;;;;;;;;;;;
t47326;3;;;;;;;;;;;;;;;;;;;;;;;;;;;;;;;;;;;;;
t62859;3;;;;243;92;11;0;12,0%;0,0%;0;0;0;0;0;9;1;0;0;1;0;0;0;0;0;0;0;0;0;0;0;0;0;0;0;0;0;0
t55660;3;;;;;;;;;;;;;;;;;;;;;;;;;;;;;;;;;;;;;
t54942;3;;;;;;;;;;;;;;;;;;;;;;;;;;;;;;;;;;;;;
t64793;2;2;;1;100;29;0;1;0,0%;3,4%;0;0;0;0;0;0;0;0;0;0;0;0;0;0;0;0;0;0;0;0;0;1;0;0;0;0;0;0
t40586;3;;;;;;;;;;;;;;;;;;;;;;;;;;;;;;;;;;;;;
t27218;3;;;;230;78;6;0;7,7%;0,0%;3;1;2;0;0;0;0;0;0;0;0;0;0;0;0;0;0;0;0;0;0;0;0;0;0;0;0;0
t35433;2;2;;2;;;;;;;;;;;;;;;;;;;;;;;;;;;;;;;;;;
t62764;3;;;;;;;;;;;;;;;;;;;;;;;;;;;;;;;;;;;;;
t28712;3;;;;10;11;0;0;0,0%;0,0%;0;0;0;0;0;0;0;0;0;0;0;0;0;0;0;0;0;0;0;0;0;0;0;0;0;0;0;0
t50185;3;;;;;;;;;;;;;;;;;;;;;;;;;;;;;;;;;;;;;
t35942;3;;;;;;;;;;;;;;;;;;;;;;;;;;;;;;;;;;;;;
t13000;3;;;;;;;;;;;;;;;;;;;;;;;;;;;;;;;;;;;;;
t67693;2;;;;;;;;;;;;;;;;;;;;;;;;;;;;;;;;;;;;;
t40471;3;;;;;;;;;;;;;;;;;;;;;;;;;;;;;;;;;;;;;
t65649;2;;;;;;;;;;;;;;;;;;;;;;;;;;;;;;;;;;;;;
t36642;3;;;;;;;;;;;;;;;;;;;;;;;;;;;;;;;;;;;;;
t36396;2;2;2;1;;;;;;;;;;;;;;;;;;;;;;;;;;;;;;;;;;
t36840;3;1;;2;55;12;0;0;0,0%;0,0%;0;0;0;0;0;0;0;0;0;0;0;0;0;0;0;0;0;0;0;0;0;0;0;0;0;0;0;0
t27740;2;;;;;;;;;;;;;;;;;;;;;;;;;;;;;;;;;;;;;
t47311;2;3;;3;;;;;;;;;;;;;;;;;;;;;;;;;;;;;;;;;;
t65145;3;;;;;;;;;;;;;;;;;;;;;;;;;;;;;;;;;;;;;
t37710;3;;;;355;80;5;4;6,3%;5,0%;0;0;0;0;2;0;3;0;0;0;0;0;0;0;0;0;1;0;0;1;0;0;0;1;1;0;0;0
t36933;3;;;;;;;;;;;;;;;;;;;;;;;;;;;;;;;;;;;;;
t67567;3;;;;;;;;;;;;;;;;;;;;;;;;;;;;;;;;;;;;;
t38428;3;;;;;;;;;;;;;;;;;;;;;;;;;;;;;;;;;;;;;
t56015;2;;;;505;124;13;5;10,5%;4,0%;2;0;0;0;2;0;1;0;0;0;2;2;4;0;0;0;0;1;0;0;0;0;0;2;0;2;0;0
t62902;2;;;;14;129;7;0;5,4%;0,0%;4;0;0;1;0;2;0;0;0;0;0;0;0;0;0;0;0;0;0;0;0;0;0;0;0;0;0;0
t55633;3;;;;;;;;;;;;;;;;;;;;;;;;;;;;;;;;;;;;;
t46118;2;2;;2;;;;;;;;;;;;;;;;;;;;;;;;;;;;;;;;;;
t62747;3;;;;;;;;;;;;;;;;;;;;;;;;;;;;;;;;;;;;;
t40506;3;;;;;;;;;;;;;;;;;;;;;;;;;;;;;;;;;;;;;
t52891;3;;;;;;;;;;;;;;;;;;;;;;;;;;;;;;;;;;;;;
t29863;2;;;;;;;;;;;;;;;;;;;;;;;;;;;;;;;;;;;;;
t36919;3;;;;246;84;14;0;16,7%;0,0%;6;0;0;3;0;2;2;0;0;1;0;0;0;0;0;0;0;0;0;0;0;0;0;0;0;0;0;0
t55294;3;;;;;;;;;;;;;;;;;;;;;;;;;;;;;;;;;;;;;
t29960;3;2;;3;;;;;;;;;;;;;;;;;;;;;;;;;;;;;;;;;;
t67587;2;3;;2;;;;;;;;;;;;;;;;;;;;;;;;;;;;;;;;;;
t36462;2;;;;3108;141;1;0;0,7%;0,0%;0;0;0;0;0;0;0;0;0;0;1;0;0;0;0;0;0;0;0;0;0;0;0;0;0;0;0;0
t29552;3;1;;1;;;;;;;;;;;;;;;;;;;;;;;;;;;;;;;;;;
t67550;2;;;;;;;;;;;;;;;;;;;;;;;;;;;;;;;;;;;;;
t35564;2;;;;;;;;;;;;;;;;;;;;;;;;;;;;;;;;;;;;;
t29470;3;;;;;;;;;;;;;;;;;;;;;;;;;;;;;;;;;;;;;
t67592;3;;;;;;;;;;;;;;;;;;;;;;;;;;;;;;;;;;;;;
t30868;3;2;;3;;;;;;;;;;;;;;;;;;;;;;;;;;;;;;;;;;
t54363;2;;;;;;;;;;;;;;;;;;;;;;;;;;;;;;;;;;;;;
t55289;3;2;;3;;;;;;;;;;;;;;;;;;;;;;;;;;;;;;;;;;
t3729;3;;;;2599;166;9;0;5,4%;0,0%;0;0;0;0;5;4;0;0;0;0;0;0;0;0;0;0;0;0;0;0;0;0;0;0;0;0;0;0
t67601;3;;;;;;;;;;;;;;;;;;;;;;;;;;;;;;;;;;;;;
t46142;3;;;;;;;;;;;;;;;;;;;;;;;;;;;;;;;;;;;;;
t55692;2;;;;;;;;;;;;;;;;;;;;;;;;;;;;;;;;;;;;;
t59571;3;;;;;;;;;;;;;;;;;;;;;;;;;;;;;;;;;;;;;
t36002;3;;;;;;;;;;;;;;;;;;;;;;;;;;;;;;;;;;;;;
t53134;3;;;;104;85;2;0;2,4%;0,0%;1;0;0;0;0;0;0;0;0;0;0;1;0;0;0;0;0;0;0;0;0;0;0;0;0;0;0;0
t54583;3;2;;1;;;;;;;;;;;;;;;;;;;;;;;;;;;;;;;;;;
t24846;3;;;;;;;;;;;;;;;;;;;;;;;;;;;;;;;;;;;;;
t35534;2;;;;;;;;;;;;;;;;;;;;;;;;;;;;;;;;;;;;;
t54445;3;;;;;;;;;;;;;;;;;;;;;;;;;;;;;;;;;;;;;
t30651;2;;;;;;;;;;;;;;;;;;;;;;;;;;;;;;;;;;;;;
t36332;3;;;;140;104;5;10;4,8%;9,6%;2;0;0;0;1;2;0;0;0;0;0;0;0;0;0;0;1;2;0;0;0;1;0;5;0;0;1;0
t63141;3;2;;2;;;;;;;;;;;;;;;;;;;;;;;;;;;;;;;;;;
t46723;2;;;;;;;;;;;;;;;;;;;;;;;;;;;;;;;;;;;;;
t33165;3;;;;;;;;;;;;;;;;;;;;;;;;;;;;;;;;;;;;;
t35857;3;;;;;;;;;;;;;;;;;;;;;;;;;;;;;;;;;;;;;
t55944;3;;;;;;;;;;;;;;;;;;;;;;;;;;;;;;;;;;;;;
t36479;2;1;;1;323;179;13;0;7,3%;0,0%;13;0;0;0;0;0;0;0;0;0;0;0;0;0;0;0;0;0;0;0;0;0;0;0;0;0;0;0
t54540;3;;;;34;4;0;0;0,0%;0,0%;0;0;0;0;0;0;0;0;0;0;0;0;0;0;0;0;0;0;0;0;0;0;0;0;0;0;0;0
t53148;2;2;;3;;;;;;;;;;;;;;;;;;;;;;;;;;;;;;;;;;
t47369;3;;;;;;;;;;;;;;;;;;;;;;;;;;;;;;;;;;;;;
t55854;1;3;2;1;164;45;0;2;0,0%;4,4%;0;0;0;0;0;0;0;0;0;0;0;0;0;0;0;0;0;0;0;0;0;1;1;0;0;0;0;0
t67690;2;;;;;;;;;;;;;;;;;;;;;;;;;;;;;;;;;;;;;
t52925;2;;;;;;;;;;;;;;;;;;;;;;;;;;;;;;;;;;;;;
t67994;2;;;;;;;;;;;;;;;;;;;;;;;;;;;;;;;;;;;;;
t67442;3;;;;;;;;;;;;;;;;;;;;;;;;;;;;;;;;;;;;;
t65584;3;;;;;;;;;;;;;;;;;;;;;;;;;;;;;;;;;;;;;
t38490;3;;;;;;;;;;;;;;;;;;;;;;;;;;;;;;;;;;;;;
t66451;2;;;;;;;;;;;;;;;;;;;;;;;;;;;;;;;;;;;;;
t33288;3;;;;;;;;;;;;;;;;;;;;;;;;;;;;;;;;;;;;;
t54538;3;;;;;;;;;;;;;;;;;;;;;;;;;;;;;;;;;;;;;
t62991;3;;;;;;;;;;;;;;;;;;;;;;;;;;;;;;;;;;;;;
t67661;2;;;;;;;;;;;;;;;;;;;;;;;;;;;;;;;;;;;;;
t65960;3;;;;193;64;1;2;1,6%;3,1%;0;0;0;0;1;0;0;0;0;0;0;0;0;0;0;0;0;0;0;0;0;2;0;0;0;0;0;0
t54696;2;;;;;;;;;;;;;;;;;;;;;;;;;;;;;;;;;;;;;
t67694;2;2;;;;;;;;;;;;;;;;;;;;;;;;;;;;;;;;;;;;
t67611;3;;;;;;;;;;;;;;;;;;;;;;;;;;;;;;;;;;;;;
t12626;3;;;;;;;;;;;;;;;;;;;;;;;;;;;;;;;;;;;;;
t67569;2;;;;;;;;;;;;;;;;;;;;;;;;;;;;;;;;;;;;;
t45493;2;;;;;;;;;;;;;;;;;;;;;;;;;;;;;;;;;;;;;
t61759;1;;;;;;;;;;;;;;;;;;;;;;;;;;;;;;;;;;;;;
t52209;2;1;;1;;;;;;;;;;;;;;;;;;;;;;;;;;;;;;;;;;
t40562;2;;;;;;;;;;;;;;;;;;;;;;;;;;;;;;;;;;;;;
t47324;2;1;;3;;;;;;;;;;;;;;;;;;;;;;;;;;;;;;;;;;
t53781;3;;;;;;;;;;;;;;;;;;;;;;;;;;;;;;;;;;;;;
t46987;2;1;3;2;;;;;;;;;;;;;;;;;;;;;;;;;;;;;;;;;;
t36779;2;2;2;2;;;;;;;;;;;;;;;;;;;;;;;;;;;;;;;;;;
t52815;2;;;;;;;;;;;;;;;;;;;;;;;;;;;;;;;;;;;;;
t53047;2;3;;;;;;;;;;;;;;;;;;;;;;;;;;;;;;;;;;;;
t20351;2;;;;;;;;;;;;;;;;;;;;;;;;;;;;;;;;;;;;;
t47588;2;;;;;;;;;;;;;;;;;;;;;;;;;;;;;;;;;;;;;
t30736;2;1;;;;;;;;;;;;;;;;;;;;;;;;;;;;;;;;;;;;
t68505;3;;;;;;;;;;;;;;;;;;;;;;;;;;;;;;;;;;;;;
t45343;2;2;;1;;;;;;;;;;;;;;;;;;;;;;;;;;;;;;;;;;
t21033;3;;;;;;;;;;;;;;;;;;;;;;;;;;;;;;;;;;;;;
t64164;3;;;;455;603;2;13;0,3%;2,2%;0;1;0;0;0;1;0;0;0;0;0;0;0;0;0;0;0;3;0;0;0;3;0;7;0;0;0;0
t45168;2;1;;1;;;;;;;;;;;;;;;;;;;;;;;;;;;;;;;;;;
t36903;2;;;;;;;;;;;;;;;;;;;;;;;;;;;;;;;;;;;;;
t45357;2;;;;;;;;;;;;;;;;;;;;;;;;;;;;;;;;;;;;;
t31437;3;;;;;;;;;;;;;;;;;;;;;;;;;;;;;;;;;;;;;
t45313;2;;;;82;92;5;3;5,4%;3,3%;0;1;0;0;0;2;2;0;0;0;0;0;0;0;0;0;0;0;0;0;0;3;0;0;0;0;0;0
t48756;2;;;;;;;;;;;;;;;;;;;;;;;;;;;;;;;;;;;;;
t63051;2;;;;;;;;;;;;;;;;;;;;;;;;;;;;;;;;;;;;;
t45481;3;2;;1;;;;;;;;;;;;;;;;;;;;;;;;;;;;;;;;;;
t67496;2;;;;216;83;1;5;1,2%;6,0%;0;0;0;0;1;0;0;0;0;0;0;0;0;0;0;0;2;2;1;0;0;0;0;0;0;0;0;0
t27517;2;1;;2;;;;;;;;;;;;;;;;;;;;;;;;;;;;;;;;;;
t50300;1;1;;;2218;999;54;14;5,4%;1,4%;2;0;21;0;14;7;2;0;1;3;1;1;2;0;0;2;1;0;1;1;0;6;0;3;0;0;0;0
t67810;3;;;;156;359;35;3;9,7%;0,8%;2;1;1;7;2;1;1;4;1;1;1;1;1;11;0;1;0;0;0;0;0;1;0;1;0;0;0;0
t55667;3;;;;;;;;;;;;;;;;;;;;;;;;;;;;;;;;;;;;;
t64161;2;;;;44;41;2;2;4,9%;4,9%;0;0;0;0;0;0;0;0;0;0;0;1;1;0;0;0;0;0;0;0;0;0;0;0;0;0;2;0
t67759;2;;;;;;;;;;;;;;;;;;;;;;;;;;;;;;;;;;;;;
